"geo","count_pat","share_pat","rank_pat","count_pub","share_pub","rank_pub","count_inv","share_inv","rank_inv","rank_all"
"?<f3>d? (1358)",NA,NA,NA,4,0.01,832,NA,NA,NA,NA
"Aba (1232)",NA,NA,NA,1,0,1184,NA,NA,NA,NA
"Abeokuta (1234)",NA,NA,NA,4,0.01,823,20043,0,266,NA
"Abidjan (643)",NA,NA,NA,4,0.01,842,NA,NA,NA,NA
"Abu Zaby (Abu Dhabi) (1631)",NA,NA,NA,118,0.3,67,349600000,0.1,34,NA
"Abuja (1235)",NA,NA,NA,16,0.04,421,33750000,0.01,95,NA
"Acapulco de Ju<e1>rez (1142)",NA,NA,NA,5,0.01,759,NA,NA,NA,NA
"Accra (749)",NA,NA,NA,13,0.03,478,NA,NA,NA,NA
"Ad-Dammam (1468)",NA,NA,NA,14,0.04,449,1500000,0,211,NA
"Ad-Dawhah (Doha) (1368)",NA,NA,NA,55,0.14,156,6e+05,0,235,NA
"Adan (Aden) (1848)",NA,NA,NA,2,0.01,990,NA,NA,NA,NA
"Adana (1587)",NA,NA,NA,4,0.01,863,NA,NA,NA,NA
"Addis Ababa (697)",NA,NA,NA,24,0.06,323,NA,NA,NA,NA
"Adelaide (41)",NA,NA,NA,57,0.15,149,32864691,0.01,99,NA
"Ado-Ekiti (1236)",NA,NA,NA,8,0.02,605,1600,0,271,NA
"Agadir (1197)",NA,NA,NA,13,0.03,468,NA,NA,NA,NA
"Agartala (762)",NA,NA,NA,3,0.01,921,NA,NA,NA,NA
"Agra (763)",NA,NA,NA,2,0.01,1016,NA,NA,NA,NA
"Ahmadabad (764)",NA,NA,NA,60,0.15,144,2200000,0,201,NA
"Ahmadnagar (765)",NA,NA,NA,2,0.01,1033,1e+06,0,225,NA
"Ahvaz (976)",NA,NA,NA,4,0.01,796,NA,NA,NA,NA
"Aizawl (766)",NA,NA,NA,3,0.01,898,NA,NA,NA,NA
"Ajmer (767)",NA,NA,NA,2,0.01,978,NA,NA,NA,NA
"Akita (1059)",NA,NA,NA,3,0.01,881,NA,NA,NA,NA
"Akola (768)",NA,NA,NA,24,0.06,326,NA,NA,NA,NA
"Akron (1671)",NA,NA,NA,10,0.03,543,NA,NA,NA,NA
"Aktyubinsk (1098)",NA,NA,NA,1,0,1151,NA,NA,NA,NA
"Akure (1237)",NA,NA,NA,8,0.02,590,NA,NA,NA,NA
"Al Kuwayt (Kuwait City) (1113)",NA,NA,NA,27,0.07,292,NA,NA,NA,NA
"Al-Ain (1633)",NA,NA,NA,24,0.06,317,NA,NA,NA,NA
"Al-Basrah (Basra) (1004)",NA,NA,NA,10,0.03,532,NA,NA,NA,NA
"Al-Fayyum (680)",NA,NA,NA,12,0.03,497,NA,NA,NA,NA
"Al-Hudaydah (1849)",NA,NA,NA,1,0,1189,NA,NA,NA,NA
"Al-Iskandariyah (Alexandria) (681)",NA,NA,NA,26,0.07,303,NA,NA,NA,NA
"Al-Ismailiyah (682)",NA,NA,NA,2,0.01,1038,NA,NA,NA,NA
"Al-Khartum (Khartoum) (1531)",NA,NA,NA,10,0.03,541,NA,NA,NA,NA
"Al-Madinah (Medina) (1469)",NA,NA,NA,23,0.06,340,NA,NA,NA,NA
"Al-Mahallah al-Kubra (683)",NA,NA,NA,8,0.02,623,NA,NA,NA,NA
"Al-Manamah (Manama) (56)",NA,NA,NA,10,0.03,539,NA,NA,NA,NA
"Al-Mansurah (684)",NA,NA,NA,14,0.04,448,NA,NA,NA,NA
"Al-Mawsil (Mosul) (1005)",NA,NA,NA,18,0.05,390,NA,NA,NA,NA
"Al-Mukalla (1850)",NA,NA,NA,2,0.01,986,NA,NA,NA,NA
"Al-Qahirah (Cairo) (685)",NA,NA,NA,110,0.28,72,4110000,0,176,NA
"Al-Raqqa (1545)",NA,NA,NA,1,0,1182,NA,NA,NA,NA
"Albany (1672)",NA,NA,NA,40,0.1,204,NA,NA,NA,NA
"Albuquerque (1673)",NA,NA,NA,31,0.08,262,NA,NA,NA,NA
"Alicante (1513)",NA,NA,NA,9,0.02,570,NA,NA,NA,NA
"Aligarh (769)",NA,NA,NA,5,0.01,781,NA,NA,NA,NA
"Allahabad (770)",NA,NA,NA,27,0.07,289,NA,NA,NA,NA
"Allentown-Bethlehem (1674)",NA,NA,NA,11,0.03,510,NA,NA,NA,NA
"Almaty (1099)",NA,NA,NA,42,0.11,197,NA,NA,NA,NA
"Alor Star (1128)",NA,NA,NA,14,0.04,454,NA,NA,NA,NA
"Amara (1006)",NA,NA,NA,2,0.01,1007,NA,NA,NA,NA
"Ambon (943)",NA,NA,NA,2,0.01,996,NA,NA,NA,NA
"Amman (1093)",NA,NA,NA,92,0.23,86,274646,0,251,NA
"Amravati (772)",NA,NA,NA,9,0.02,575,NA,NA,NA,NA
"Amritsar (773)",NA,NA,NA,10,0.03,531,NA,NA,NA,NA
"Amsterdam (1221)",4,0.07,56,90,0.23,88,207159676,0.06,48,33
"Anand (774)",NA,NA,NA,15,0.04,437,NA,NA,NA,NA
"Anantapur (775)",NA,NA,NA,5,0.01,760,NA,NA,NA,NA
"Andizhan (1816)",NA,NA,NA,5,0.01,784,NA,NA,NA,NA
"Angeles City (1324)",NA,NA,NA,1,0,1147,NA,NA,NA,NA
"Ankang (187)",NA,NA,NA,1,0,1203,NA,NA,NA,NA
"Ankara (1588)",NA,NA,NA,77,0.2,107,350000,0,246,NA
"Ann Arbor (1675)",1,0.02,90,70,0.18,119,4e+07,0.01,88,55
"Annaba (6)",NA,NA,NA,1,0,1183,NA,NA,NA,NA
"Anqing (190)",NA,NA,NA,4,0.01,845,NA,NA,NA,NA
"Anshan (192)",NA,NA,NA,15,0.04,435,1433075,0,213,NA
"Anshun (193)",NA,NA,NA,2,0.01,974,NA,NA,NA,NA
"Antalya (1589)",NA,NA,NA,4,0.01,805,NA,NA,NA,NA
"Antananarivo (1123)",NA,NA,NA,2,0.01,1000,NA,NA,NA,NA
"Antofagasta (180)",NA,NA,NA,3,0.01,870,NA,NA,NA,NA
"Antwerpen (74)",NA,NA,NA,10,0.03,527,1335577,0,215,NA
"Anyang (194)",NA,NA,NA,6,0.02,696,NA,NA,NA,NA
"Ar-Riyadh (Riyadh) (1470)",NA,NA,NA,204,0.52,32,5e+05,0,240,NA
"Aracaju (89)",NA,NA,NA,1,0,1205,NA,NA,NA,NA
"Arak (977)",NA,NA,NA,3,0.01,939,NA,NA,NA,NA
"Ardabil (978)",NA,NA,NA,3,0.01,879,NA,NA,NA,NA
"Arequipa (1314)",NA,NA,NA,2,0.01,998,NA,NA,NA,NA
"Arrah (776)",NA,NA,NA,4,0.01,836,NA,NA,NA,NA
"Arusha (1664)",NA,NA,NA,7,0.02,652,NA,NA,NA,NA
"As-Suways (686)",NA,NA,NA,8,0.02,608,NA,NA,NA,NA
"Asahikawa (1060)",NA,NA,NA,2,0.01,1045,NA,NA,NA,NA
"Asansol (777)",NA,NA,NA,1,0,1144,NA,NA,NA,NA
"Ash-Shariqah (Sharjah) (1634)",NA,NA,NA,51,0.13,169,180000,0,256,NA
"Asheville (1677)",NA,NA,NA,2,0.01,1073,NA,NA,NA,NA
"Asmara (695)",NA,NA,NA,3,0.01,932,NA,NA,NA,NA
"Astana (1100)",NA,NA,NA,16,0.04,416,NA,NA,NA,NA
"Astrakhan (1402)",NA,NA,NA,1,0,1199,NA,NA,NA,NA
"Asunci<f3>n (1312)",NA,NA,NA,1,0,1137,NA,NA,NA,NA
"Asyut (688)",NA,NA,NA,8,0.02,622,NA,NA,NA,NA
"Ath<ed>nai (Athens) (753)",NA,NA,NA,80,0.2,104,NA,NA,NA,NA
"Atlanta (1678)",NA,NA,NA,162,0.41,42,73325787,0.02,74,NA
"Auckland (1226)",1,0.02,109,44,0.11,185,16605760,0,118,65
"Augusta-Richmond County (1679)",NA,NA,NA,13,0.03,475,NA,NA,NA,NA
"Aurangabad (778)",NA,NA,NA,5,0.01,774,NA,NA,NA,NA
"Austin (1680)",8,0.15,40,72,0.18,114,2641600972,0.72,10,30
"Avignon (704)",NA,NA,NA,2,0.01,1051,NA,NA,NA,NA
"Az-Zaqazig (689)",NA,NA,NA,4,0.01,834,NA,NA,NA,NA
"B<e9>thune (705)",NA,NA,NA,1,0,1149,NA,NA,NA,NA
"Baaqoobah (1007)",NA,NA,NA,5,0.01,728,NA,NA,NA,NA
"Bacolod (1326)",NA,NA,NA,3,0.01,891,NA,NA,NA,NA
"Baghdad (1008)",NA,NA,NA,53,0.14,164,1600000,0,209,NA
"Bahia Blanca (23)",NA,NA,NA,3,0.01,886,NA,NA,NA,NA
"Baicheng (195)",NA,NA,NA,1,0,1221,NA,NA,NA,NA
"Baishan (196)",NA,NA,NA,1,0,1084,NA,NA,NA,NA
"Baixada Santista (90)",NA,NA,NA,1,0,1212,NA,NA,NA,NA
"Bakersfield (1681)",NA,NA,NA,2,0.01,1056,1275000,0,220,NA
"Baku (53)",NA,NA,NA,23,0.06,328,NA,NA,NA,NA
"Balashikha (1403)",NA,NA,NA,4,0.01,810,NA,NA,NA,NA
"Balikesir (1590)",NA,NA,NA,1,0,1141,NA,NA,NA,NA
"Baltimore (1682)",2,0.04,75,91,0.23,87,40194078,0.01,85,43
"Bamako (1139)",NA,NA,NA,1,0,1198,NA,NA,NA,NA
"Bamenda (155)",NA,NA,NA,1,0,1098,NA,NA,NA,NA
"Bandar Abbas (979)",NA,NA,NA,1,0,1081,NA,NA,NA,NA
"Bandar Lampung (945)",NA,NA,NA,7,0.02,650,NA,NA,NA,NA
"Bandung (946)",NA,NA,NA,73,0.19,113,NA,NA,NA,NA
"Bangalore (780)",45,0.84,18,190,0.48,36,380626542,0.1,31,17
"Banghazi (1119)",NA,NA,NA,3,0.01,878,NA,NA,NA,NA
"Bangkok (1562)",NA,NA,NA,63,0.16,131,NA,NA,NA,NA
"Bangui (178)",NA,NA,NA,1,0,1164,NA,NA,NA,NA
"Banjarmasin (947)",NA,NA,NA,6,0.02,710,NA,NA,NA,NA
"Baoding (198)",NA,NA,NA,22,0.06,349,NA,NA,NA,NA
"Baotou (200)",NA,NA,NA,10,0.03,533,NA,NA,NA,NA
"Barcelona (1514)",NA,NA,NA,119,0.3,66,98877185,0.03,65,NA
"Barddhaman (781)",NA,NA,NA,1,0,1170,NA,NA,NA,NA
"Bareilly (782)",NA,NA,NA,3,0.01,926,NA,NA,NA,NA
"Bari (1026)",NA,NA,NA,30,0.08,267,4249618,0,174,NA
"Barisal (57)",NA,NA,NA,6,0.02,695,NA,NA,NA,NA
"Barranquilla (621)",NA,NA,NA,1,0,1128,NA,NA,NA,NA
"Basel (1539)",NA,NA,NA,20,0.05,374,4061480,0,178,NA
"Batam (948)",NA,NA,NA,6,0.02,703,NA,NA,NA,NA
"Batangas City (1330)",NA,NA,NA,1,0,1140,NA,NA,NA,NA
"Bathinda (783)",NA,NA,NA,5,0.01,743,NA,NA,NA,NA
"Batman (1591)",NA,NA,NA,3,0.01,894,NA,NA,NA,NA
"Batna (7)",NA,NA,NA,2,0.01,999,NA,NA,NA,NA
"Baton Rouge (1683)",NA,NA,NA,5,0.01,717,NA,NA,NA,NA
"Bauchi (1238)",NA,NA,NA,3,0.01,923,NA,NA,NA,NA
"Bayrut (Beirut) (1117)",NA,NA,NA,22,0.06,351,NA,NA,NA,NA
"Be'er Sheva (1022)",1,0.02,111,22,0.06,353,NA,NA,NA,NA
"Beijing (204)",859,16.05,3,2351,6,1,6731869834,1.84,6,1
"Beira (1208)",NA,NA,NA,6,0.02,698,NA,NA,NA,NA
"Bel<e9>m (92)",NA,NA,NA,8,0.02,606,NA,NA,NA,NA
"Belfast (1636)",NA,NA,NA,15,0.04,432,NA,NA,NA,NA
"Belgaum (785)",NA,NA,NA,27,0.07,296,NA,NA,NA,NA
"Belo Horizonte (93)",NA,NA,NA,13,0.03,459,NA,NA,NA,NA
"Bengbu (205)",NA,NA,NA,13,0.03,474,NA,NA,NA,NA
"Bengkulu (950)",NA,NA,NA,7,0.02,656,NA,NA,NA,NA
"Benin City (1239)",NA,NA,NA,5,0.01,778,NA,NA,NA,NA
"Beograd (Belgrade) (1488)",NA,NA,NA,32,0.08,243,NA,NA,NA,NA
"Bergamo (1028)",NA,NA,NA,5,0.01,762,NA,NA,NA,NA
"Berlin (727)",NA,NA,NA,139,0.35,55,556081998,0.15,27,NA
"Bern (1540)",NA,NA,NA,24,0.06,318,NA,NA,NA,NA
"Bhopal (791)",NA,NA,NA,43,0.11,195,NA,NA,NA,NA
"Bhubaneswar (792)",NA,NA,NA,39,0.1,206,420000,0,243,NA
"Bielefeld (728)",NA,NA,NA,22,0.06,355,NA,NA,NA,NA
"Bikaner (795)",NA,NA,NA,4,0.01,854,NA,NA,NA,NA
"Bilaspur (796)",NA,NA,NA,4,0.01,838,NA,NA,NA,NA
"Bilbao (1515)",NA,NA,NA,32,0.08,248,23775081,0.01,110,NA
"Binzhou (208)",NA,NA,NA,3,0.01,917,NA,NA,NA,NA
"Birmingham (1684)",NA,NA,NA,9,0.02,577,21300000,0.01,112,NA
"Birmingham (West Midlands) (1638)",NA,NA,NA,43,0.11,190,2e+07,0.01,113,NA
"Birnin Kebbi (1240)",NA,NA,NA,3,0.01,955,NA,NA,NA,NA
"Bishkek (1114)",NA,NA,NA,3,0.01,934,NA,NA,NA,NA
"Blida (8)",NA,NA,NA,3,0.01,938,NA,NA,NA,NA
"Bloemfontein (1497)",NA,NA,NA,6,0.02,700,NA,NA,NA,NA
"Blumenau (94)",NA,NA,NA,1,0,1082,NA,NA,NA,NA
"Bochum (729)",NA,NA,NA,32,0.08,252,2300675,0,200,NA
"Bogot<e1> (622)",NA,NA,NA,23,0.06,331,8125000,0,148,NA
"Boise City (1685)",NA,NA,NA,6,0.02,705,10200000,0,140,NA
"Bologna (1029)",NA,NA,NA,68,0.17,123,NA,NA,NA,NA
"Bonita Springs-Naples (1686)",NA,NA,NA,4,0.01,811,3e+06,0,190,NA
"Bonn (730)",NA,NA,NA,25,0.06,306,NA,NA,NA,NA
"Bordeaux (706)",NA,NA,NA,38,0.1,209,NA,NA,NA,NA
"Boston (1687)",12,0.22,32,407,1.04,16,1620886510,0.44,13,12
"Bournemouth/Poole (1639)",NA,NA,NA,4,0.01,819,NA,NA,NA,NA
"Brahmapur (798)",NA,NA,NA,3,0.01,885,NA,NA,NA,NA
"Bras<ed>lia (96)",NA,NA,NA,20,0.05,370,NA,NA,NA,NA
"Bratislava (1491)",NA,NA,NA,30,0.08,265,935325,0,226,NA
"Brazzaville (638)",NA,NA,NA,4,0.01,789,NA,NA,NA,NA
"Bremen (731)",NA,NA,NA,9,0.02,558,4e+07,0.01,86,NA
"Brescia (1030)",NA,NA,NA,6,0.02,684,NA,NA,NA,NA
"Brest (68)",NA,NA,NA,1,0,1097,NA,NA,NA,NA
"Bridgeport-Stamford (1688)",NA,NA,NA,36,0.09,220,NA,NA,NA,NA
"Brighton-Worthing-Littlehampton (1640)",2,0.04,82,16,0.04,409,135319,0,258,77
"Brisbane (42)",NA,NA,NA,102,0.26,76,18334671,0.01,117,NA
"Bristol (1641)",NA,NA,NA,48,0.12,179,458469559,0.13,29,NA
"Brno (649)",NA,NA,NA,23,0.06,333,NA,NA,NA,NA
"Bruxelles-Brussel (75)",NA,NA,NA,98,0.25,81,53003392,0.01,78,NA
"Bucaramanga (623)",NA,NA,NA,3,0.01,942,NA,NA,NA,NA
"Bucuresti (Bucharest) (1397)",NA,NA,NA,49,0.13,173,1904869,0,204,NA
"Budapest (761)",NA,NA,NA,61,0.16,141,2.5e+07,0.01,109,NA
"Buenos Aires (24)",NA,NA,NA,23,0.06,330,3200000,0,188,NA
"Buffalo (1689)",NA,NA,NA,24,0.06,315,NA,NA,NA,NA
"Bujumbura (152)",NA,NA,NA,7,0.02,626,NA,NA,NA,NA
"Bukavu (656)",NA,NA,NA,1,0,1180,NA,NA,NA,NA
"Bulawayo (1858)",NA,NA,NA,6,0.02,670,NA,NA,NA,NA
"Bur Sa'id (690)",NA,NA,NA,2,0.01,1040,NA,NA,NA,NA
"Buraydah (1471)",NA,NA,NA,28,0.07,281,NA,NA,NA,NA
"Bursa (1592)",NA,NA,NA,7,0.02,643,NA,NA,NA,NA
"Busan (1374)",1,0.02,116,36,0.09,222,NA,NA,NA,NA
"Busto Arsizio (1031)",NA,NA,NA,6,0.02,693,643170,0,234,NA
"Bydgoszcz (1355)",NA,NA,NA,3,0.01,920,6949254,0,155,NA
"C<f3>rdoba (25)",NA,NA,NA,5,0.01,722,2e+05,0,255,NA
"C<fa>cuta (627)",NA,NA,NA,1,0,1124,NA,NA,NA,NA
"Cagliari (1032)",NA,NA,NA,12,0.03,480,823865,0,229,NA
"Calabar (1241)",NA,NA,NA,2,0.01,1020,NA,NA,NA,NA
"Calgary (161)",NA,NA,NA,29,0.07,271,1e+07,0,141,NA
"Cali (625)",NA,NA,NA,1,0,1120,NA,NA,NA,NA
"Campina Grande (97)",NA,NA,NA,5,0.01,770,NA,NA,NA,NA
"Campinas (98)",NA,NA,NA,29,0.07,273,NA,NA,NA,NA
"Campo Grande (99)",NA,NA,NA,1,0,1086,NA,NA,NA,NA
"Can Tho (1838)",NA,NA,NA,5,0.01,764,NA,NA,NA,NA
"Canberra (43)",NA,NA,NA,99,0.25,79,NA,NA,NA,NA
"Cape Coral (1690)",NA,NA,NA,4,0.01,828,NA,NA,NA,NA
"Cape Town (1498)",NA,NA,NA,27,0.07,288,74746339,0.02,73,NA
"Caracas (1826)",NA,NA,NA,6,0.02,713,NA,NA,NA,NA
"Cardiff (1642)",NA,NA,NA,23,0.06,344,12441677,0,133,NA
"Cartagena (626)",NA,NA,NA,1,0,1119,NA,NA,NA,NA
"Cascavel (102)",NA,NA,NA,2,0.01,1074,NA,NA,NA,NA
"Catania (1034)",NA,NA,NA,23,0.06,343,1151474,0,222,NA
"Cebu City (1336)",NA,NA,NA,5,0.01,742,NA,NA,NA,NA
"Chandigarh (799)",NA,NA,NA,78,0.2,106,NA,NA,NA,NA
"Changchun (213)",12,0.22,30,129,0.33,59,NA,NA,NA,NA
"Changde (214)",NA,NA,NA,4,0.01,861,NA,NA,NA,NA
"Changji (216)",NA,NA,NA,3,0.01,897,NA,NA,NA,NA
"Changsha (218)",NA,NA,NA,419,1.07,14,34394639,0.01,94,NA
"Changshu (219)",NA,NA,NA,2,0.01,994,NA,NA,NA,NA
"Changzhou, Jiangsu (222)",NA,NA,NA,29,0.07,274,NA,NA,NA,NA
"Chaohu (223)",NA,NA,NA,3,0.01,876,NA,NA,NA,NA
"Chaoyang (224)",NA,NA,NA,2,0.01,1004,43250914,0.01,83,NA
"Chaozhou (225)",NA,NA,NA,3,0.01,928,NA,NA,NA,NA
"Charleroi (76)",NA,NA,NA,3,0.01,944,NA,NA,NA,NA
"Charleston-North Charleston (1691)",NA,NA,NA,4,0.01,804,NA,NA,NA,NA
"Charlotte (1692)",2,0.04,81,18,0.05,391,23662998,0.01,111,73
"Chattanooga (1693)",NA,NA,NA,3,0.01,912,10749995,0,139,NA
"Chelyabinsk (1408)",NA,NA,NA,1,0,1126,NA,NA,NA,NA
"Chengdu (227)",4,0.07,53,482,1.23,10,147193203,0.04,55,24
"Chennai (Madras) (801)",1,0.02,106,257,0.66,27,11050230,0,136,50
"Cheonan (1376)",2,0.04,79,22,0.06,350,NA,NA,NA,NA
"Cheongju (1377)",4,0.07,54,15,0.04,428,NA,NA,NA,NA
"Chi?in?u (1396)",NA,NA,NA,2,0.01,1024,NA,NA,NA,NA
"Chiang Mai (1557)",NA,NA,NA,12,0.03,486,NA,NA,NA,NA
"Chiang Rai (1558)",NA,NA,NA,1,0,1238,NA,NA,NA,NA
"Chicago (1694)",5,0.09,48,155,0.4,46,570489999,0.16,25,25
"Chifeng (229)",NA,NA,NA,1,0,1246,NA,NA,NA,NA
"Chittagong (59)",NA,NA,NA,27,0.07,286,NA,NA,NA,NA
"Chizhou (230)",NA,NA,NA,5,0.01,748,NA,NA,NA,NA
"Chon Buri (1559)",NA,NA,NA,5,0.01,767,NA,NA,NA,NA
"Chongqing (231)",NA,NA,NA,269,0.69,26,15947077,0,121,NA
"Christchurch (1227)",NA,NA,NA,5,0.01,761,4100000,0,177,NA
"Chuzhou (233)",1,0.02,85,4,0.01,825,NA,NA,NA,NA
"Cincinnati (1695)",NA,NA,NA,39,0.1,207,16040002,0,120,NA
"Cirebon (952)",NA,NA,NA,3,0.01,914,NA,NA,NA,NA
"Ciudad de Guatemala (Guatemala City) (755)",NA,NA,NA,1,0,1159,NA,NA,NA,NA
"Ciudad de M<e9>xico (Mexico City) (1147)",NA,NA,NA,78,0.2,105,NA,NA,NA,NA
"Ciudad de Panam<e1> (Panama City) (1310)",NA,NA,NA,5,0.01,739,5e+05,0,242,NA
"Ciudad Ju<e1>rez (1148)",NA,NA,NA,1,0,1163,NA,NA,NA,NA
"Ciudad Obreg<f3>n (1149)",NA,NA,NA,1,0,1172,NA,NA,NA,NA
"Ciudad Victoria (1150)",NA,NA,NA,1,0,1138,NA,NA,NA,NA
"Cleveland (1696)",NA,NA,NA,35,0.09,228,7500000,0,152,NA
"Cluj-Napoca (1398)",NA,NA,NA,13,0.03,462,NA,NA,NA,NA
"Coimbatore (803)",NA,NA,NA,137,0.35,57,5400000,0,165,NA
"Colima (1152)",NA,NA,NA,3,0.01,883,NA,NA,NA,NA
"Colombo (1527)",NA,NA,NA,23,0.06,337,NA,NA,NA,NA
"Colorado Springs (1697)",NA,NA,NA,9,0.02,563,1.36e+08,0.04,58,NA
"Columbia, South Carolina (1698)",NA,NA,NA,19,0.05,384,650000,0,233,NA
"Columbus, Ohio (1699)",4,0.07,58,63,0.16,134,15140000,0,122,57
"Comilla (60)",NA,NA,NA,2,0.01,1034,NA,NA,NA,NA
"Conakry (756)",NA,NA,NA,1,0,1218,NA,NA,NA,NA
"Concepci<f3>n (181)",NA,NA,NA,5,0.01,720,NA,NA,NA,NA
"Concord (1700)",NA,NA,NA,8,0.02,624,88622914,0.02,68,NA
"Concord (1701)",NA,NA,NA,1,0,1114,NA,NA,NA,NA
"Cordoba (1516)",NA,NA,NA,9,0.02,562,NA,NA,NA,NA
"Corpus Christi (1702)",NA,NA,NA,3,0.01,880,NA,NA,NA,NA
"Corrientes (26)",NA,NA,NA,2,0.01,1012,NA,NA,NA,NA
"Cotonou (80)",NA,NA,NA,4,0.01,790,NA,NA,NA,NA
"Coventry-Bedworth (1643)",NA,NA,NA,31,0.08,258,NA,NA,NA,NA
"Cuenca (676)",NA,NA,NA,6,0.02,694,NA,NA,NA,NA
"Cuernavaca (1155)",NA,NA,NA,2,0.01,993,NA,NA,NA,NA
"Cuiab<e1> (104)",NA,NA,NA,4,0.01,808,NA,NA,NA,NA
"Culiac<e1>n (1156)",NA,NA,NA,2,0.01,984,NA,NA,NA,NA
"Curitiba (105)",NA,NA,NA,12,0.03,491,NA,NA,NA,NA
"Cuttack (804)",NA,NA,NA,5,0.01,732,NA,NA,NA,NA
"Da Nang (1839)",NA,NA,NA,13,0.03,476,NA,NA,NA,NA
"Daegu (1378)",3,0.06,67,44,0.11,187,NA,NA,NA,NA
"Daejon (1379)",63,1.18,14,120,0.31,65,NA,NA,NA,NA
"Dakar (1485)",NA,NA,NA,1,0,1131,NA,NA,NA,NA
"Dali (235)",NA,NA,NA,1,0,1174,NA,NA,NA,NA
"Dalian (236)",NA,NA,NA,130,0.33,58,NA,NA,NA,NA
"Dallas-Fort Worth (1703)",2,0.04,84,20,0.05,367,NA,NA,NA,NA
"Dandong (237)",NA,NA,NA,3,0.01,936,NA,NA,NA,NA
"Daqing (240)",NA,NA,NA,8,0.02,613,NA,NA,NA,NA
"Dar es Salaam (1665)",NA,NA,NA,7,0.02,661,NA,NA,NA,NA
"Dar-el-Beida (Casablanca) (1198)",NA,NA,NA,18,0.05,388,NA,NA,NA,NA
"Dasmarinas (1338)",NA,NA,NA,1,0,1206,NA,NA,NA,NA
"Datong (242)",NA,NA,NA,2,0.01,1065,NA,NA,NA,NA
"Davanagere (806)",NA,NA,NA,4,0.01,807,NA,NA,NA,NA
"Davao City (1339)",NA,NA,NA,1,0,1113,NA,NA,NA,NA
"Dayton (1704)",NA,NA,NA,30,0.08,268,8250000,0,147,NA
"Daytona Beach-Port Orange (1705)",NA,NA,NA,8,0.02,617,664964,0,232,NA
"Dazhou (244)",NA,NA,NA,7,0.02,646,NA,NA,NA,NA
"Dehradun (807)",NA,NA,NA,34,0.09,234,NA,NA,NA,NA
"Delhi (808)",NA,NA,NA,319,0.81,21,65703525,0.02,76,NA
"Denizli (1593)",NA,NA,NA,4,0.01,843,NA,NA,NA,NA
"Denpasar (953)",NA,NA,NA,15,0.04,436,NA,NA,NA,NA
"Denton-Lewisville (1706)",3,0.06,62,89,0.23,90,39079998,0.01,89,40
"Denver-Aurora (1707)",4,0.07,52,62,0.16,137,780167091,0.21,21,36
"Des Moines (1708)",NA,NA,NA,15,0.04,427,NA,NA,NA,NA
"Detroit (1709)",1,0.02,98,55,0.14,155,5915533,0,161,66
"Deyang (247)",NA,NA,NA,6,0.02,672,NA,NA,NA,NA
"Dezhou (248)",NA,NA,NA,1,0,1125,NA,NA,NA,NA
"Dhaka (61)",NA,NA,NA,190,0.48,35,20000,0,267,NA
"Dhamar (1851)",NA,NA,NA,1,0,1093,NA,NA,NA,NA
"Dhanbad (811)",NA,NA,NA,8,0.02,587,NA,NA,NA,NA
"Dhule (812)",NA,NA,NA,2,0.01,1039,NA,NA,NA,NA
"Dimashq (Damascus) (1547)",NA,NA,NA,6,0.02,692,NA,NA,NA,NA
"Dindigul (814)",NA,NA,NA,4,0.01,815,NA,NA,NA,NA
"Dire Dawa (698)",NA,NA,NA,2,0.01,985,NA,NA,NA,NA
"Diwaniyah (1009)",NA,NA,NA,8,0.02,620,NA,NA,NA,NA
"Diyarbakir (1594)",NA,NA,NA,3,0.01,941,20000,0,268,NA
"Dnipro (1616)",NA,NA,NA,1,0,1247,NA,NA,NA,NA
"Dongguan (251)",154,2.88,6,55,0.14,154,NA,NA,NA,NA
"Dongyang (253)",NA,NA,NA,1,0,1193,NA,NA,NA,NA
"Dortmund (732)",NA,NA,NA,40,0.1,202,2319295,0,199,NA
"Douai-Lens (707)",NA,NA,NA,7,0.02,628,NA,NA,NA,NA
"Dresden (733)",NA,NA,NA,48,0.12,178,2912161,0,193,NA
"Dubayy (Dubai) (1635)",1,0.02,97,66,0.17,125,360650000,0.1,32,45
"Dublin (1021)",1,0.02,86,95,0.24,83,152530157,0.04,53,38
"Duesseldorf (734)",NA,NA,NA,17,0.04,398,NA,NA,NA,NA
"Durban (Ethekwini) (1499)",NA,NA,NA,12,0.03,489,5e+06,0,168,NA
"Durg-Bhilainagar (816)",NA,NA,NA,4,0.01,859,NA,NA,NA,NA
"Durgapur (815)",NA,NA,NA,15,0.04,433,NA,NA,NA,NA
"Durham (1710)",1,0.02,88,109,0.28,74,42037360,0.01,84,42
"Dushanbe (1553)",NA,NA,NA,9,0.02,557,NA,NA,NA,NA
"Edinburgh (1644)",NA,NA,NA,86,0.22,94,86135712,0.02,69,NA
"Edmonton (162)",NA,NA,NA,43,0.11,193,NA,NA,NA,NA
"Eindhoven (1222)",26,0.49,23,51,0.13,170,261780742,0.07,39,39
"El Djaza<ef>r  (Algiers) (9)",NA,NA,NA,25,0.06,308,NA,NA,NA,NA
"El Djelfa (10)",NA,NA,NA,2,0.01,1017,NA,NA,NA,NA
"El Paso (1711)",NA,NA,NA,3,0.01,890,NA,NA,NA,NA
"Elazig (1595)",NA,NA,NA,7,0.02,654,NA,NA,NA,NA
"Eldoret (1107)",NA,NA,NA,1,0,1186,NA,NA,NA,NA
"Ensenada (1158)",NA,NA,NA,3,0.01,915,NA,NA,NA,NA
"Enshi (258)",NA,NA,NA,3,0.01,948,NA,NA,NA,NA
"Enugu (1243)",NA,NA,NA,10,0.03,545,NA,NA,NA,NA
"Erzurum (1596)",NA,NA,NA,9,0.02,573,NA,NA,NA,NA
"Esfahan (980)",NA,NA,NA,25,0.06,311,NA,NA,NA,NA
"Eskisehir (1597)",NA,NA,NA,12,0.03,490,NA,NA,NA,NA
"Essen (736)",NA,NA,NA,26,0.07,300,2579740,0,198,NA
"Ezhou (260)",NA,NA,NA,3,0.01,873,NA,NA,NA,NA
"F<e8>s (1199)",NA,NA,NA,18,0.05,395,NA,NA,NA,NA
"Faisalabad (1287)",NA,NA,NA,14,0.04,445,NA,NA,NA,NA
"Fayetteville (1712)",NA,NA,NA,3,0.01,949,NA,NA,NA,NA
"Fayetteville-Springdale (1713)",NA,NA,NA,27,0.07,291,NA,NA,NA,NA
"Firenze (Florence) (1036)",4,0.07,59,25,0.06,307,NA,NA,NA,NA
"Flint (1714)",NA,NA,NA,4,0.01,785,NA,NA,NA,NA
"Florian<f3>polis (107)",NA,NA,NA,13,0.03,463,NA,NA,NA,NA
"Fort Collins (1715)",NA,NA,NA,25,0.06,309,NA,NA,NA,NA
"Fort Wayne (1716)",NA,NA,NA,5,0.01,749,NA,NA,NA,NA
"Fortaleza (108)",NA,NA,NA,3,0.01,903,NA,NA,NA,NA
"Foshan (264)",1,0.02,118,21,0.05,360,7330948,0,154,75
"Frankfurt am Main (737)",3,0.06,65,88,0.22,91,9757660,0,143,56
"Freetown (1489)",NA,NA,NA,2,0.01,1064,NA,NA,NA,NA
"Fresno (1717)",NA,NA,NA,3,0.01,947,NA,NA,NA,NA
"Fukuyama (1062)",NA,NA,NA,1,0,1229,NA,NA,NA,NA
"Fushun, Liaoning (268)",NA,NA,NA,3,0.01,951,NA,NA,NA,NA
"Fuxin (269)",NA,NA,NA,7,0.02,662,NA,NA,NA,NA
"Fuyang (270)",NA,NA,NA,6,0.02,697,NA,NA,NA,NA
"Fuzhou, Fujian (271)",NA,NA,NA,154,0.39,47,4439586,0,170,NA
"G<f6>teborg (1536)",NA,NA,NA,43,0.11,194,1767901,0,205,NA
"Gaoan (274)",NA,NA,NA,23,0.06,336,NA,NA,NA,NA
"Gaoxiong (612)",NA,NA,NA,21,0.05,365,NA,NA,NA,NA
"Gaya (822)",NA,NA,NA,3,0.01,866,NA,NA,NA,NA
"Gaza (incl. Ash Shati Camp) (1528)",NA,NA,NA,2,0.01,1050,NA,NA,NA,NA
"Gaziantep (1598)",NA,NA,NA,5,0.01,719,NA,NA,NA,NA
"Gda?sk (1356)",NA,NA,NA,7,0.02,625,NA,NA,NA,NA
"Gebze (1599)",NA,NA,NA,8,0.02,611,NA,NA,NA,NA
"Gen<e8>ve (1541)",NA,NA,NA,24,0.06,316,NA,NA,NA,NA
"Genova (Genoa) (1037)",NA,NA,NA,26,0.07,299,NA,NA,NA,NA
"Gent (77)",NA,NA,NA,24,0.06,314,33709708,0.01,96,NA
"Glasgow (1645)",NA,NA,NA,57,0.15,150,2680353,0,195,NA
"Goi<e2>nia (110)",NA,NA,NA,8,0.02,604,NA,NA,NA,NA
"Gold Coast-Tweed Head (45)",NA,NA,NA,4,0.01,837,NA,NA,NA,NA
"Gombe (1245)",NA,NA,NA,5,0.01,752,NA,NA,NA,NA
"Gondar (699)",NA,NA,NA,1,0,1145,NA,NA,NA,NA
"Gongyi (279)",NA,NA,NA,3,0.01,954,NA,NA,NA,NA
"Gorakhpur (823)",NA,NA,NA,3,0.01,907,3e+06,0,189,NA
"Gorgan (982)",NA,NA,NA,2,0.01,973,NA,NA,NA,NA
"Grand Rapids (1718)",NA,NA,NA,6,0.02,674,NA,NA,NA,NA
"Grande S<e3>o Lu<ed>s (111)",NA,NA,NA,7,0.02,631,NA,NA,NA,NA
"Grande Vit<f3>ria (112)",NA,NA,NA,1,0,1217,NA,NA,NA,NA
"Greensboro (1719)",NA,NA,NA,15,0.04,439,NA,NA,NA,NA
"Greenville (1720)",NA,NA,NA,2,0.01,1049,NA,NA,NA,NA
"Grenoble (708)",NA,NA,NA,32,0.08,246,NA,NA,NA,NA
"Grodno (70)",NA,NA,NA,1,0,1202,NA,NA,NA,NA
"Guadalajara (1159)",NA,NA,NA,12,0.03,495,NA,NA,NA,NA
"Guangzhou (283)",24,0.45,25,631,1.61,4,246795625,0.07,42,14
"Guayaquil (677)",NA,NA,NA,9,0.02,555,1e+07,0,142,NA
"Guilin (285)",NA,NA,NA,72,0.18,116,NA,NA,NA,NA
"Guiyang (287)",88,1.64,11,96,0.24,82,NA,NA,NA,NA
"Gujranwala (1288)",NA,NA,NA,1,0,1143,NA,NA,NA,NA
"Gujrat (1289)",NA,NA,NA,1,0,1185,NA,NA,NA,NA
"Gulbarga (824)",NA,NA,NA,2,0.01,1076,NA,NA,NA,NA
"Gumi (1382)",2,0.04,73,6,0.02,709,NA,NA,NA,NA
"Guntur (825)",NA,NA,NA,18,0.05,392,NA,NA,NA,NA
"Guwahati (Gauhati) (826)",NA,NA,NA,34,0.09,231,NA,NA,NA,NA
"Gwalior (827)",NA,NA,NA,14,0.04,450,NA,NA,NA,NA
"Gwangju (1383)",2,0.04,83,20,0.05,377,4052384,0,179,76
"Ha'il (1473)",NA,NA,NA,12,0.03,485,NA,NA,NA,NA
"Haikou (290)",NA,NA,NA,72,0.18,117,NA,NA,NA,NA
"Haining (293)",NA,NA,NA,6,0.02,681,NA,NA,NA,NA
"Haldwani-cum-kathgodam (829)",NA,NA,NA,5,0.01,733,1500000,0,210,NA
"Halifax (163)",NA,NA,NA,19,0.05,383,NA,NA,NA,NA
"Hamadan (983)",NA,NA,NA,4,0.01,802,NA,NA,NA,NA
"Hamburg (738)",NA,NA,NA,76,0.19,109,6406338,0,157,NA
"Hamilton (164)",NA,NA,NA,23,0.06,339,385693,0,244,NA
"Handan (297)",NA,NA,NA,7,0.02,637,NA,NA,NA,NA
"Hangzhou (298)",118,2.21,7,559,1.43,7,8144697533,2.23,4,2
"Hannover (739)",25,0.47,24,32,0.08,250,NA,NA,NA,NA
"Hanoi (1840)",NA,NA,NA,76,0.19,110,3e+06,0,191,NA
"Hanzhong (299)",NA,NA,NA,4,0.01,858,NA,NA,NA,NA
"Hapur (830)",NA,NA,NA,1,0,1204,NA,NA,NA,NA
"Harare (1860)",NA,NA,NA,3,0.01,919,NA,NA,NA,NA
"Harbin (288)",NA,NA,NA,306,0.78,23,1149227,0,223,NA
"Hardwar (831)",NA,NA,NA,6,0.02,701,NA,NA,NA,NA
"Hargeysa (1493)",NA,NA,NA,1,0,1208,NA,NA,NA,NA
"Harrisburg (1721)",NA,NA,NA,5,0.01,736,NA,NA,NA,NA
"Hartford (1722)",NA,NA,NA,27,0.07,290,8899353,0,146,NA
"Hefa (Haifa) (1023)",NA,NA,NA,43,0.11,191,NA,NA,NA,NA
"Hefei (302)",3,0.06,61,365,0.93,20,504436345,0.14,28,20
"Helsinki (702)",107,2,8,84,0.21,97,152500036,0.04,54,28
"Hengshui (305)",NA,NA,NA,1,0,1225,NA,NA,NA,NA
"Hengyang (306)",NA,NA,NA,16,0.04,415,NA,NA,NA,NA
"Heze (309)",NA,NA,NA,2,0.01,982,NA,NA,NA,NA
"Hillah (1011)",NA,NA,NA,5,0.01,725,NA,NA,NA,NA
"Hims (Homs) (1550)",NA,NA,NA,1,0,1133,NA,NA,NA,NA
"Hiroshima (1063)",NA,NA,NA,16,0.04,410,NA,NA,NA,NA
"Hisar (832)",NA,NA,NA,1,0,1099,5496736,0,164,NA
"Ho Chi Minh City (1845)",NA,NA,NA,86,0.22,95,270000,0,253,NA
"Hohhot (311)",NA,NA,NA,45,0.11,182,NA,NA,NA,NA
"Hong Kong (610)",NA,NA,NA,593,1.51,5,269350000,0.07,38,NA
"Honolulu (1723)",NA,NA,NA,5,0.01,768,200600000,0.05,49,NA
"Houston (1724)",12,0.22,33,86,0.22,93,10909533,0,138,48
"Huai'an (312)",NA,NA,NA,8,0.02,592,NA,NA,NA,NA
"Huaibei (313)",NA,NA,NA,3,0.01,901,NA,NA,NA,NA
"Huaihua (314)",NA,NA,NA,5,0.01,758,NA,NA,NA,NA
"Huainan (315)",NA,NA,NA,15,0.04,438,NA,NA,NA,NA
"Huancayo (1318)",NA,NA,NA,1,0,1108,NA,NA,NA,NA
"Huangshi (317)",NA,NA,NA,10,0.03,537,NA,NA,NA,NA
"Hubli-Dharwad (834)",NA,NA,NA,4,0.01,817,NA,NA,NA,NA
"Hue (1842)",NA,NA,NA,6,0.02,711,NA,NA,NA,NA
"Hufuf-Mubarraz (1474)",NA,NA,NA,34,0.09,232,NA,NA,NA,NA
"Huizhou (320)",NA,NA,NA,6,0.02,680,NA,NA,NA,NA
"Huludao (321)",NA,NA,NA,7,0.02,636,NA,NA,NA,NA
"Huntsville (1725)",NA,NA,NA,13,0.03,465,1.1e+07,0,137,NA
"Huzhou (322)",NA,NA,NA,24,0.06,319,NA,NA,NA,NA
"Hyderabad (1290)",NA,NA,NA,10,0.03,547,NA,NA,NA,NA
"Hyderabad (835)",NA,NA,NA,140,0.36,53,NA,NA,NA,NA
"Iasi (1399)",NA,NA,NA,10,0.03,526,NA,NA,NA,NA
"Ibadan (1247)",NA,NA,NA,13,0.03,466,NA,NA,NA,NA
"Ibagu<e9> (628)",NA,NA,NA,1,0,1195,NA,NA,NA,NA
"Ibb (1852)",NA,NA,NA,7,0.02,666,NA,NA,NA,NA
"Ijebu-Ode (1250)",NA,NA,NA,2,0.01,1041,NA,NA,NA,NA
"Ikorodu (1251)",NA,NA,NA,1,0,1117,NA,NA,NA,NA
"Ilesha (1253)",NA,NA,NA,1,0,1173,NA,NA,NA,NA
"Iligan (1342)",NA,NA,NA,2,0.01,1042,NA,NA,NA,NA
"Ilorin (1254)",NA,NA,NA,10,0.03,546,NA,NA,NA,NA
"Imphal (837)",NA,NA,NA,3,0.01,889,NA,NA,NA,NA
"Incheon (1385)",5,0.09,47,30,0.08,269,NA,NA,NA,NA
"Indianapolis (1726)",NA,NA,NA,22,0.06,348,2650000,0,196,NA
"Indore (838)",8,0.15,39,31,0.08,257,8000,0,269,72
"Ipoh (1129)",NA,NA,NA,11,0.03,507,NA,NA,NA,NA
"Irapuato (1161)",NA,NA,NA,4,0.01,809,NA,NA,NA,NA
"Irbid (1095)",NA,NA,NA,32,0.08,253,NA,NA,NA,NA
"Irbil (Erbil) (1012)",NA,NA,NA,9,0.02,578,NA,NA,NA,NA
"Irkutsk (1411)",NA,NA,NA,6,0.02,683,NA,NA,NA,NA
"Islamabad (1291)",NA,NA,NA,76,0.19,112,NA,NA,NA,NA
"Istanbul (1600)",3,0.06,68,159,0.41,44,5880344,0,162,51
"Iwaki (1064)",NA,NA,NA,2,0.01,979,NA,NA,NA,NA
"Izhevsk (1413)",NA,NA,NA,2,0.01,1032,NA,NA,NA,NA
"Izmir (1601)",NA,NA,NA,33,0.08,239,NA,NA,NA,NA
"Izmit (1602)",NA,NA,NA,5,0.01,726,NA,NA,NA,NA
"Jabalpur (839)",NA,NA,NA,4,0.01,840,NA,NA,NA,NA
"Jacksonville, Florida (1729)",NA,NA,NA,28,0.07,283,NA,NA,NA,NA
"Jaipur (840)",NA,NA,NA,40,0.1,205,164924,0,257,NA
"Jakarta (955)",2,0.04,80,140,0.36,54,2e+05,0,254,62
"Jalandhar (841)",NA,NA,NA,38,0.1,216,NA,NA,NA,NA
"Jambi (956)",NA,NA,NA,5,0.01,755,NA,NA,NA,NA
"Jammu (844)",NA,NA,NA,17,0.04,406,NA,NA,NA,NA
"Jamshedpur (846)",NA,NA,NA,8,0.02,595,NA,NA,NA,NA
"Jayapura (957)",NA,NA,NA,2,0.01,988,NA,NA,NA,NA
"Jeju (1386)",NA,NA,NA,10,0.03,536,NA,NA,NA,NA
"Jeonju (1387)",NA,NA,NA,15,0.04,440,NA,NA,NA,NA
"Jerusalem (1024)",1,0.02,114,27,0.07,285,6e+06,0,160,71
"Ji'an, Jiangxi (324)",NA,NA,NA,3,0.01,908,NA,NA,NA,NA
"Ji'nan, Shandong (334)",10,0.19,35,280,0.71,24,1176332,0,221,52
"Jiamusi (323)",NA,NA,NA,2,0.01,1005,NA,NA,NA,NA
"Jiangmen (325)",NA,NA,NA,7,0.02,629,NA,NA,NA,NA
"Jiaozuo (329)",NA,NA,NA,25,0.06,312,NA,NA,NA,NA
"Jiaxing (330)",NA,NA,NA,9,0.02,582,14780218,0,125,NA
"Jiayuguan (331)",NA,NA,NA,2,0.01,1067,NA,NA,NA,NA
"Jiddah (1475)",NA,NA,NA,90,0.23,89,NA,NA,NA,NA
"Jilin (333)",NA,NA,NA,30,0.08,264,NA,NA,NA,NA
"Jingdezhen (336)",NA,NA,NA,3,0.01,904,NA,NA,NA,NA
"Jingmen (338)",1,0.02,117,NA,NA,NA,NA,NA,NA,NA
"Jingzhou, Hubei (339)",NA,NA,NA,8,0.02,602,NA,NA,NA,NA
"Jinhua (340)",NA,NA,NA,52,0.13,167,NA,NA,NA,NA
"Jining, Shandong (341)",NA,NA,NA,5,0.01,750,NA,NA,NA,NA
"Jinzhong (343)",NA,NA,NA,3,0.01,899,NA,NA,NA,NA
"Jinzhou (344)",NA,NA,NA,12,0.03,498,NA,NA,NA,NA
"Jiujiang (345)",NA,NA,NA,4,0.01,830,NA,NA,NA,NA
"Jixi, Heilongjiang (347)",NA,NA,NA,1,0,1156,NA,NA,NA,NA
"Jo<e3>o Pessoa (113)",NA,NA,NA,10,0.03,529,NA,NA,NA,NA
"Jodhpur (848)",NA,NA,NA,14,0.04,447,NA,NA,NA,NA
"Johannesburg (1502)",NA,NA,NA,32,0.08,244,NA,NA,NA,NA
"Johor Bahru (1130)",NA,NA,NA,22,0.06,358,NA,NA,NA,NA
"Jos (1255)",NA,NA,NA,2,0.01,1014,NA,NA,NA,NA
"Juba (1512)",NA,NA,NA,22,0.06,357,NA,NA,NA,NA
"Jubayl (1476)",NA,NA,NA,4,0.01,856,NA,NA,NA,NA
"Juiz De Fora (116)",NA,NA,NA,3,0.01,868,NA,NA,NA,NA
"Junagadh (849)",NA,NA,NA,3,0.01,952,NA,NA,NA,NA
"K<e9>nitra (1200)",NA,NA,NA,18,0.05,387,NA,NA,NA,NA
"K<f6>ln (Cologne) (741)",8,0.15,37,36,0.09,219,18720622,0.01,116,60
"K<f8>benhavn (Copenhagen) (672)",3,0.06,63,81,0.21,102,37354554,0.01,92,47
"Kabul (2)",NA,NA,NA,4,0.01,829,NA,NA,NA,NA
"Kadapa (850)",NA,NA,NA,2,0.01,1035,NA,NA,NA,NA
"Kaduna (1256)",NA,NA,NA,2,0.01,1060,NA,NA,NA,NA
"Kafr-ad-Dawwar (691)",NA,NA,NA,4,0.01,806,NA,NA,NA,NA
"Kagoshima (1065)",NA,NA,NA,1,0,1194,NA,NA,NA,NA
"Kahramanmaras (1603)",NA,NA,NA,2,0.01,1046,NA,NA,NA,NA
"Kaifeng (350)",NA,NA,NA,33,0.08,236,NA,NA,NA,NA
"Kakinada (851)",NA,NA,NA,5,0.01,735,NA,NA,NA,NA
"Kalasin (1560)",NA,NA,NA,3,0.01,927,NA,NA,NA,NA
"Kampala (1615)",NA,NA,NA,5,0.01,771,NA,NA,NA,NA
"Kanazawa (1066)",NA,NA,NA,26,0.07,301,1280493,0,219,NA
"Kannur (853)",NA,NA,NA,2,0.01,992,NA,NA,NA,NA
"Kano (1257)",NA,NA,NA,19,0.05,382,NA,NA,NA,NA
"Kanpur (854)",NA,NA,NA,23,0.06,327,NA,NA,NA,NA
"Kansas City (1730)",NA,NA,NA,8,0.02,610,9e+07,0.02,67,NA
"Karachi (1293)",NA,NA,NA,32,0.08,255,NA,NA,NA,NA
"Karaganda (1101)",NA,NA,NA,2,0.01,1058,NA,NA,NA,NA
"Karbala (1013)",NA,NA,NA,9,0.02,576,NA,NA,NA,NA
"Karlsruhe (740)",1,0.02,107,49,0.13,172,12863406,0,131,64
"Karnal (856)",NA,NA,NA,5,0.01,766,NA,NA,NA,NA
"Karur (857)",NA,NA,NA,9,0.02,566,850000,0,228,NA
"Kashan (985)",NA,NA,NA,5,0.01,772,NA,NA,NA,NA
"Kassala (1532)",NA,NA,NA,2,0.01,1015,NA,NA,NA,NA
"Kathmandu (1219)",NA,NA,NA,44,0.11,186,5e+06,0,169,NA
"Katsina (1258)",NA,NA,NA,1,0,1220,NA,NA,NA,NA
"Kayseri (1604)",NA,NA,NA,6,0.02,676,NA,NA,NA,NA
"Kazan (1416)",NA,NA,NA,11,0.03,515,NA,NA,NA,NA
"Kemerovo (1417)",NA,NA,NA,1,0,1132,NA,NA,NA,NA
"Kerman (986)",NA,NA,NA,4,0.01,841,NA,NA,NA,NA
"Kermanshah (987)",NA,NA,NA,4,0.01,844,NA,NA,NA,NA
"Khabarovsk (1418)",NA,NA,NA,13,0.03,460,NA,NA,NA,NA
"Khamis Mushayt (1477)",NA,NA,NA,34,0.09,233,NA,NA,NA,NA
"Kharagpur (860)",NA,NA,NA,20,0.05,369,NA,NA,NA,NA
"Kharkiv (1618)",NA,NA,NA,14,0.04,456,NA,NA,NA,NA
"Khon-Kaen (1561)",NA,NA,NA,13,0.03,477,NA,NA,NA,NA
"Khorramabad (988)",NA,NA,NA,4,0.01,847,NA,NA,NA,NA
"Khulna (62)",NA,NA,NA,7,0.02,658,NA,NA,NA,NA
"Kigali (1467)",NA,NA,NA,16,0.04,413,NA,NA,NA,NA
"Kingston (1058)",NA,NA,NA,4,0.01,794,NA,NA,NA,NA
"Kingston upon Hull (1646)",NA,NA,NA,2,0.01,1066,NA,NA,NA,NA
"Kinshasa (662)",NA,NA,NA,7,0.02,659,NA,NA,NA,NA
"Kirkuk (1014)",NA,NA,NA,4,0.01,814,NA,NA,NA,NA
"Kisangani (663)",NA,NA,NA,1,0,1179,NA,NA,NA,NA
"Kitakyushu-Fukuoka (1068)",NA,NA,NA,22,0.06,346,4370023,0,171,NA
"Kitchener-Cambrigde-Waterloo (165)",NA,NA,NA,54,0.14,157,2626010,0,197,NA
"Kitwe (1855)",NA,NA,NA,1,0,1200,NA,NA,NA,NA
"Knoxville (1732)",NA,NA,NA,38,0.1,210,2e+07,0.01,114,NA
"Kochi (1069)",NA,NA,NA,1,0,1219,NA,NA,NA,NA
"Kochi (Cochin) (861)",NA,NA,NA,16,0.04,423,NA,NA,NA,NA
"Kolhapur (862)",NA,NA,NA,5,0.01,773,NA,NA,NA,NA
"Kolkata (Calcutta) (863)",NA,NA,NA,122,0.31,62,560000,0,238,NA
"Konya (1605)",NA,NA,NA,8,0.02,593,NA,NA,NA,NA
"Koriyama (1070)",NA,NA,NA,21,0.05,359,5e+07,0.01,81,NA
"Kota (866)",NA,NA,NA,1,0,1233,NA,NA,NA,NA
"Kota Bharu (1131)",NA,NA,NA,5,0.01,765,NA,NA,NA,NA
"Kota Kinabalu (1132)",NA,NA,NA,3,0.01,950,NA,NA,NA,NA
"Kottayam (867)",NA,NA,NA,9,0.02,579,NA,NA,NA,NA
"Kozhikode (Calicut) (868)",NA,NA,NA,9,0.02,559,NA,NA,NA,NA
"Krak<f3>w (Cracow) (1357)",NA,NA,NA,53,0.14,162,NA,NA,NA,NA
"Krasnoyarsk (1421)",NA,NA,NA,10,0.03,542,NA,NA,NA,NA
"Kuala Lumpur (1133)",1,0.02,100,202,0.52,33,51917504,0.01,79,37
"Kuala Terengganu (1134)",NA,NA,NA,13,0.03,470,NA,NA,NA,NA
"Kuantan (1135)",NA,NA,NA,3,0.01,892,NA,NA,NA,NA
"Kuching (1136)",NA,NA,NA,7,0.02,633,NA,NA,NA,NA
"Kumamoto (1071)",NA,NA,NA,7,0.02,638,NA,NA,NA,NA
"Kumasi (750)",NA,NA,NA,9,0.02,565,NA,NA,NA,NA
"Kunming (355)",NA,NA,NA,110,0.28,73,5709718,0,163,NA
"Kunshan  (356)",NA,NA,NA,9,0.02,567,NA,NA,NA,NA
"Kurgan (1422)",NA,NA,NA,2,0.01,1059,NA,NA,NA,NA
"Kurnool (869)",NA,NA,NA,8,0.02,621,NA,NA,NA,NA
"Kurume (1073)",NA,NA,NA,1,0,1109,NA,NA,NA,NA
"Kut (1015)",NA,NA,NA,2,0.01,963,NA,NA,NA,NA
"Kyiv (Kiev) (1620)",2,0.04,74,26,0.07,297,32900000,0.01,98,68
"Kyoto–Osaka–Kobe (1067)",NA,NA,NA,147,0.38,50,3488566,0,185,NA
"La Paz (84)",NA,NA,NA,2,0.01,1052,NA,NA,NA,NA
"La Plata (27)",NA,NA,NA,3,0.01,867,NA,NA,NA,NA
"La Serena-Coquimbo (182)",NA,NA,NA,2,0.01,959,NA,NA,NA,NA
"Lafayette (1733)",NA,NA,NA,4,0.01,833,NA,NA,NA,NA
"Lafia (1259)",NA,NA,NA,2,0.01,976,NA,NA,NA,NA
"Lagos (1260)",NA,NA,NA,30,0.08,270,NA,NA,NA,NA
"Lahore (1295)",NA,NA,NA,69,0.18,120,3500000,0,182,NA
"Lakeland (1734)",NA,NA,NA,3,0.01,906,NA,NA,NA,NA
"Lampang (1563)",NA,NA,NA,2,0.01,987,NA,NA,NA,NA
"Lancaster (1735)",NA,NA,NA,3,0.01,935,NA,NA,NA,NA
"Lancaster-Palmdale (1736)",NA,NA,NA,1,0,1187,1.2e+07,0,134,NA
"Lansing (1737)",NA,NA,NA,31,0.08,259,NA,NA,NA,NA
"Lanzhou (363)",NA,NA,NA,76,0.19,111,NA,NA,NA,NA
"Larkana (1296)",NA,NA,NA,1,0,1104,NA,NA,NA,NA
"Las Palmas Gran Canaria (1517)",NA,NA,NA,2,0.01,1029,NA,NA,NA,NA
"Las Vegas (1739)",NA,NA,NA,11,0.03,521,392182021,0.11,30,NA
"Lattakia (1551)",NA,NA,NA,2,0.01,1010,NA,NA,NA,NA
"Latur (870)",NA,NA,NA,4,0.01,848,NA,NA,NA,NA
"Lausanne (1542)",1,0.02,102,56,0.14,152,247565371,0.07,41,54
"Le<f3>n de los Aldamas (1163)",NA,NA,NA,1,0,1191,NA,NA,NA,NA
"Leicester (1647)",NA,NA,NA,17,0.04,402,319150,0,247,NA
"Leipzig (742)",NA,NA,NA,15,0.04,430,6547042,0,156,NA
"Leshan (367)",NA,NA,NA,3,0.01,888,NA,NA,NA,NA
"Lexington-Fayette (1740)",NA,NA,NA,20,0.05,368,33500000,0.01,97,NA
"Li<e8>ge (78)",NA,NA,NA,16,0.04,411,NA,NA,NA,NA
"Lianyungang (368)",NA,NA,NA,3,0.01,916,NA,NA,NA,NA
"Liaocheng (369)",NA,NA,NA,5,0.01,763,NA,NA,NA,NA
"Liaoyang (370)",NA,NA,NA,2,0.01,964,NA,NA,NA,NA
"Libreville (724)",NA,NA,NA,1,0,1231,NA,NA,NA,NA
"Lille (709)",NA,NA,NA,22,0.06,345,NA,NA,NA,NA
"Lima (1320)",NA,NA,NA,17,0.04,400,NA,NA,NA,NA
"Linhai (374)",NA,NA,NA,3,0.01,874,NA,NA,NA,NA
"Linyi, Shandong (376)",NA,NA,NA,11,0.03,512,NA,NA,NA,NA
"Lisboa (Lisbon) (1364)",NA,NA,NA,69,0.18,121,6010000,0,159,NA
"Lishui, Zhejiang (378)",NA,NA,NA,6,0.02,690,NA,NA,NA,NA
"Little Rock (1741)",NA,NA,NA,7,0.02,645,NA,NA,NA,NA
"Liuan (379)",NA,NA,NA,6,0.02,715,NA,NA,NA,NA
"Liupanshui (380)",NA,NA,NA,1,0,1154,NA,NA,NA,NA
"Liuzhou (382)",NA,NA,NA,7,0.02,665,NA,NA,NA,NA
"Liverpool (1648)",NA,NA,NA,60,0.15,142,NA,NA,NA,NA
"Liyang (383)",NA,NA,NA,10,0.03,538,NA,NA,NA,NA
"Lokoja (1261)",NA,NA,NA,5,0.01,780,NA,NA,NA,NA
"London (1649)",42,0.78,19,403,1.03,18,9451888692,2.58,3,8
"London (166)",NA,NA,NA,17,0.04,399,NA,NA,NA,NA
"Londrina (118)",NA,NA,NA,4,0.01,824,NA,NA,NA,NA
"Longyan (387)",NA,NA,NA,2,0.01,1025,NA,NA,NA,NA
"Los Angeles-Long Beach-Santa Ana (1742)",90,1.68,10,271,0.69,25,819885004,0.22,20,11
"Loudi (388)",NA,NA,NA,1,0,1105,7375719,0,153,NA
"Louisville (1743)",NA,NA,NA,2,0.01,1061,NA,NA,NA,NA
"Luanda (19)",NA,NA,NA,2,0.01,1047,NA,NA,NA,NA
"Lublin (1359)",NA,NA,NA,8,0.02,601,NA,NA,NA,NA
"Lubumbashi (666)",NA,NA,NA,1,0,1181,NA,NA,NA,NA
"Lucknow (871)",NA,NA,NA,40,0.1,201,NA,NA,NA,NA
"Ludhiana (872)",NA,NA,NA,2,0.01,1002,NA,NA,NA,NA
"Luohe (390)",NA,NA,NA,3,0.01,945,NA,NA,NA,NA
"Luoyang (391)",NA,NA,NA,31,0.08,263,NA,NA,NA,NA
"Lusaka (1856)",NA,NA,NA,3,0.01,937,NA,NA,NA,NA
"Luzhou (392)",NA,NA,NA,2,0.01,967,NA,NA,NA,NA
"Lviv (1622)",NA,NA,NA,3,0.01,957,NA,NA,NA,NA
"Lvliang (393)",NA,NA,NA,2,0.01,1006,NA,NA,NA,NA
"Lyon (710)",NA,NA,NA,53,0.14,160,19909470,0.01,115,NA
"M<fc>nchen (Munich) (745)",65,1.21,13,147,0.38,49,321098074,0.09,35,19
"Ma'anshan (394)",NA,NA,NA,16,0.04,424,NA,NA,NA,NA
"Macao (611)",NA,NA,NA,165,0.42,40,NA,NA,NA,NA
"Macei<f3> (120)",NA,NA,NA,2,0.01,962,NA,NA,NA,NA
"Madison (1744)",NA,NA,NA,59,0.15,147,NA,NA,NA,NA
"Madrid (1518)",NA,NA,NA,156,0.4,45,235221301,0.06,44,NA
"Madurai (873)",NA,NA,NA,24,0.06,325,NA,NA,NA,NA
"Maebashi-Takasaki (1074)",NA,NA,NA,2,0.01,980,NA,NA,NA,NA
"Makassar (Ujung Pandang) (958)",NA,NA,NA,27,0.07,293,NA,NA,NA,NA
"Makhachkala (1426)",NA,NA,NA,1,0,1153,NA,NA,NA,NA
"Makkah (Mecca) (1479)",NA,NA,NA,11,0.03,509,NA,NA,NA,NA
"Makurdi (1263)",NA,NA,NA,4,0.01,860,NA,NA,NA,NA
"Malaga (1519)",NA,NA,NA,5,0.01,727,1743892,0,207,NA
"Malang (959)",NA,NA,NA,29,0.07,278,NA,NA,NA,NA
"Malappuram (874)",NA,NA,NA,3,0.01,953,NA,NA,NA,NA
"Malatya (1606)",NA,NA,NA,6,0.02,686,NA,NA,NA,NA
"Malm<f6> (1537)",11,0.21,34,35,0.09,224,1.5e+07,0,123,61
"Manado (960)",NA,NA,NA,4,0.01,852,NA,NA,NA,NA
"Manaus (121)",NA,NA,NA,5,0.01,721,NA,NA,NA,NA
"Manchester (1650)",NA,NA,NA,93,0.24,84,168124481,0.05,51,NA
"Mangalore (876)",NA,NA,NA,64,0.16,130,NA,NA,NA,NA
"Manila (1348)",NA,NA,NA,32,0.08,245,NA,NA,NA,NA
"Manisa (1607)",NA,NA,NA,3,0.01,909,NA,NA,NA,NA
"Manizales (629)",NA,NA,NA,1,0,1096,NA,NA,NA,NA
"Mannheim (743)",4,0.07,57,62,0.16,136,105842289,0.03,63,46
"Maoming (397)",NA,NA,NA,6,0.02,678,NA,NA,NA,NA
"Maputo (1210)",NA,NA,NA,2,0.01,1030,NA,NA,NA,NA
"Mar Del Plata (28)",NA,NA,NA,1,0,1080,NA,NA,NA,NA
"Mardan (1297)",NA,NA,NA,5,0.01,757,NA,NA,NA,NA
"Maring<e1> (122)",NA,NA,NA,3,0.01,946,NA,NA,NA,NA
"Marrakech (1201)",NA,NA,NA,23,0.06,329,NA,NA,NA,NA
"Marseille-Aix-en-Provence (711)",NA,NA,NA,26,0.07,298,NA,NA,NA,NA
"Mashhad (989)",NA,NA,NA,5,0.01,740,NA,NA,NA,NA
"Masqat (Muscat) (1283)",NA,NA,NA,22,0.06,354,270000,0,252,NA
"Matamoros (1165)",NA,NA,NA,1,0,1190,NA,NA,NA,NA
"Mataram (961)",NA,NA,NA,2,0.01,989,NA,NA,NA,NA
"Mathura (877)",NA,NA,NA,14,0.04,458,NA,NA,NA,NA
"Matsuyama (1075)",NA,NA,NA,1,0,1228,NA,NA,NA,NA
"Mbouda (159)",NA,NA,NA,7,0.02,635,NA,NA,NA,NA
"McAllen (1745)",NA,NA,NA,5,0.01,769,1.13e+08,0.03,62,NA
"Medan (962)",NA,NA,NA,35,0.09,229,NA,NA,NA,NA
"Medell<ed>n (630)",NA,NA,NA,9,0.02,583,NA,NA,NA,NA
"Meerut (879)",NA,NA,NA,9,0.02,580,NA,NA,NA,NA
"Meizhou (399)",NA,NA,NA,1,0,1129,NA,NA,NA,NA
"Mekele (700)",NA,NA,NA,2,0.01,1070,NA,NA,NA,NA
"Mekn<e8>s (1202)",NA,NA,NA,8,0.02,596,NA,NA,NA,NA
"Melbourne (46)",NA,NA,NA,189,0.48,37,83266747,0.02,70,NA
"Memphis (1746)",NA,NA,NA,19,0.05,378,NA,NA,NA,NA
"Mendoza (29)",NA,NA,NA,1,0,1095,NA,NA,NA,NA
"Merida (1834)",NA,NA,NA,3,0.01,911,NA,NA,NA,NA
"Mersin (1608)",NA,NA,NA,11,0.03,502,NA,NA,NA,NA
"Mexicali (1168)",NA,NA,NA,2,0.01,1043,NA,NA,NA,NA
"Miami (1747)",NA,NA,NA,29,0.07,279,306725813,0.08,36,NA
"Mianyang, Sichuan (400)",NA,NA,NA,23,0.06,335,NA,NA,NA,NA
"Milano (Milan) (1040)",NA,NA,NA,117,0.3,68,135293456,0.04,59,NA
"Milwaukee (1748)",NA,NA,NA,19,0.05,381,5e+06,0,167,NA
"Minna (1264)",NA,NA,NA,4,0.01,813,NA,NA,NA,NA
"Minneapolis-St. Paul (1749)",2,0.04,78,56,0.14,151,16600000,0,119,58
"Minsk (71)",NA,NA,NA,17,0.04,403,NA,NA,NA,NA
"Misratah (1120)",NA,NA,NA,1,0,1112,NA,NA,NA,NA
"Mission Viejo (1750)",1,0.02,110,66,0.17,124,5100376388,1.39,8,41
"Mobile (1751)",NA,NA,NA,4,0.01,839,NA,NA,NA,NA
"Modena (1041)",NA,NA,NA,5,0.01,718,1301190,0,216,NA
"Modesto (1752)",NA,NA,NA,1,0,1160,1300000,0,217,NA
"Monteria (631)",NA,NA,NA,1,0,1107,NA,NA,NA,NA
"Monterrey (1171)",NA,NA,NA,12,0.03,493,1e+06,0,224,NA
"Montes Claros (123)",NA,NA,NA,1,0,1161,NA,NA,NA,NA
"Montevideo (1815)",NA,NA,NA,5,0.01,741,1300000,0,218,NA
"Montgomery (1753)",NA,NA,NA,1,0,1116,NA,NA,NA,NA
"Montpellier (712)",5,0.09,46,12,0.03,483,NA,NA,NA,NA
"Montr<e9>al (167)",3,0.06,66,120,0.31,64,130600000,0.04,60,32
"Moradabad (880)",NA,NA,NA,4,0.01,820,NA,NA,NA,NA
"Morelia (1172)",NA,NA,NA,1,0,1196,NA,NA,NA,NA
"Moskva (Moscow) (1427)",NA,NA,NA,126,0.32,60,NA,NA,NA,NA
"Mudanjiang (402)",NA,NA,NA,1,0,1201,NA,NA,NA,NA
"Muenster (Westfalen) (744)",1,0.02,96,11,0.03,520,NA,NA,NA,NA
"Multan (1298)",NA,NA,NA,4,0.01,792,NA,NA,NA,NA
"Mumbai (Bombay) (882)",36,0.67,21,113,0.29,70,627311315,0.17,24,22
"Muqdisho (Mogadishu) (1496)",NA,NA,NA,3,0.01,925,NA,NA,NA,NA
"Murcia (1520)",NA,NA,NA,11,0.03,513,NA,NA,NA,NA
"Muzaffarpur (884)",NA,NA,NA,1,0,1239,NA,NA,NA,NA
"Mykolaiv (1625)",NA,NA,NA,4,0.01,865,NA,NA,NA,NA
"Mymensingh (63)",NA,NA,NA,1,0,1226,NA,NA,NA,NA
"Mysore (885)",NA,NA,NA,14,0.04,457,NA,NA,NA,NA
"N'Djam<e9>na (179)",NA,NA,NA,1,0,1123,NA,NA,NA,NA
"Naberezhnye Tchelny (1428)",NA,NA,NA,1,0,1152,NA,NA,NA,NA
"Nagano (1077)",NA,NA,NA,1,0,1168,NA,NA,NA,NA
"Nagasaki (1078)",NA,NA,NA,6,0.02,704,NA,NA,NA,NA
"Nagoya (1061)",NA,NA,NA,51,0.13,168,NA,NA,NA,NA
"Nagpur (886)",NA,NA,NA,17,0.04,397,NA,NA,NA,NA
"Naha (1079)",NA,NA,NA,9,0.02,556,NA,NA,NA,NA
"Nairobi (1110)",NA,NA,NA,16,0.04,425,3e+05,0,249,NA
"Najaf (1016)",NA,NA,NA,13,0.03,464,NA,NA,NA,NA
"Nakhon Ratchasima (1567)",NA,NA,NA,4,0.01,801,NA,NA,NA,NA
"Nakuru (1111)",NA,NA,NA,1,0,1178,NA,NA,NA,NA
"Namangan (1817)",NA,NA,NA,7,0.02,667,NA,NA,NA,NA
"Nanchang (403)",NA,NA,NA,81,0.21,103,NA,NA,NA,NA
"Nanchong (404)",NA,NA,NA,13,0.03,461,NA,NA,NA,NA
"Nanded Waghala (887)",NA,NA,NA,9,0.02,585,NA,NA,NA,NA
"Nanjing (405)",5,0.09,45,669,1.71,3,14758405,0,126,31
"Nanning (407)",NA,NA,NA,62,0.16,138,NA,NA,NA,NA
"Nantes (713)",NA,NA,NA,29,0.07,275,NA,NA,NA,NA
"Nantong (409)",NA,NA,NA,31,0.08,261,NA,NA,NA,NA
"Nanyang, Henan (410)",NA,NA,NA,13,0.03,467,NA,NA,NA,NA
"Napoli (Naples) (1042)",NA,NA,NA,56,0.14,153,NA,NA,NA,NA
"Nashik (888)",NA,NA,NA,7,0.02,649,NA,NA,NA,NA
"Nashville-Davidson (1755)",NA,NA,NA,36,0.09,223,44669994,0.01,82,NA
"Nasiriyah (1017)",NA,NA,NA,4,0.01,862,NA,NA,NA,NA
"Natal (124)",NA,NA,NA,11,0.03,504,NA,NA,NA,NA
"Nay Pyi Taw (1216)",NA,NA,NA,1,0,1177,NA,NA,NA,NA
"Nazret (701)",NA,NA,NA,6,0.02,708,NA,NA,NA,NA
"Ndola (1857)",NA,NA,NA,2,0.01,1037,NA,NA,NA,NA
"Neijiang (411)",NA,NA,NA,1,0,1211,NA,NA,NA,NA
"Nellore (890)",NA,NA,NA,1,0,1150,NA,NA,NA,NA
"Neuqu<e9>n-Plottier-Cipolletti (30)",NA,NA,NA,1,0,1197,NA,NA,NA,NA
"New Haven (1756)",2,0.04,72,62,0.16,135,NA,NA,NA,NA
"New Orleans (1757)",NA,NA,NA,14,0.04,443,NA,NA,NA,NA
"New York-Newark (1758)",46,0.86,17,403,1.03,17,6930383153,1.89,5,7
"Newcastle upon Tyne (1651)",NA,NA,NA,54,0.14,158,5057978,0,166,NA
"Newcastle-Maitland (47)",NA,NA,NA,6,0.02,671,NA,NA,NA,NA
"Nha Trang (1844)",NA,NA,NA,3,0.01,958,NA,NA,NA,NA
"Niamey (1230)",NA,NA,NA,2,0.01,1055,NA,NA,NA,NA
"Nice-Cannes (714)",NA,NA,NA,35,0.09,225,2e+06,0,202,NA
"Niigata (1080)",NA,NA,NA,4,0.01,786,NA,NA,NA,NA
"Ningbo (412)",7,0.13,43,62,0.16,139,NA,NA,NA,NA
"Ningde (413)",1,0.02,108,2,0.01,1028,NA,NA,NA,NA
"Nizamabad (891)",NA,NA,NA,2,0.01,1036,NA,NA,NA,NA
"Nizhniy Novgorod (1429)",NA,NA,NA,6,0.02,714,NA,NA,NA,NA
"Nnewi (1265)",NA,NA,NA,1,0,1210,NA,NA,NA,NA
"Nola (1043)",NA,NA,NA,2,0.01,1026,NA,NA,NA,NA
"Nottingham (1653)",NA,NA,NA,41,0.1,199,NA,NA,NA,NA
"Novosibirsk (1432)",NA,NA,NA,14,0.04,453,NA,NA,NA,NA
"Nukus (1818)",NA,NA,NA,3,0.01,918,NA,NA,NA,NA
"Nurenberg (746)",NA,NA,NA,33,0.08,235,NA,NA,NA,NA
"Odesa (1626)",NA,NA,NA,21,0.05,366,NA,NA,NA,NA
"Ogbomosho (1266)",NA,NA,NA,3,0.01,882,NA,NA,NA,NA
"Ogden-Layton (1759)",NA,NA,NA,1,0,1078,NA,NA,NA,NA
"Oita (1081)",NA,NA,NA,5,0.01,730,NA,NA,NA,NA
"Okara (1299)",NA,NA,NA,4,0.01,827,NA,NA,NA,NA
"Okayama (1082)",NA,NA,NA,11,0.03,523,NA,NA,NA,NA
"Oklahoma City (1760)",NA,NA,NA,24,0.06,313,NA,NA,NA,NA
"Omaha (1761)",NA,NA,NA,16,0.04,414,NA,NA,NA,NA
"Omsk (1433)",NA,NA,NA,1,0,1102,NA,NA,NA,NA
"Ondo (1269)",NA,NA,NA,1,0,1224,NA,NA,NA,NA
"Onitsha (1270)",NA,NA,NA,11,0.03,519,NA,NA,NA,NA
"Orlando (1762)",NA,NA,NA,44,0.11,188,30965000,0.01,102,NA
"Orumiyeh (990)",NA,NA,NA,9,0.02,584,NA,NA,NA,NA
"Oshawa (168)",NA,NA,NA,6,0.02,691,NA,NA,NA,NA
"Oshogbo (1271)",NA,NA,NA,4,0.01,831,NA,NA,NA,NA
"Oslo (1282)",1,0.02,113,63,0.16,133,7600259,0,150,63
"Ottawa-Gatineau (169)",8,0.15,38,64,0.16,127,353546047,0.1,33,34
"Ouagadougou (151)",NA,NA,NA,2,0.01,1008,NA,NA,NA,NA
"Oujda (1203)",NA,NA,NA,2,0.01,1053,NA,NA,NA,NA
"Owerri (1272)",NA,NA,NA,5,0.01,779,NA,NA,NA,NA
"Oxnard (1763)",NA,NA,NA,21,0.05,363,58159296,0.02,77,NA
"Oyo (1273)",NA,NA,NA,10,0.03,550,NA,NA,NA,NA
"P'yongyang (653)",NA,NA,NA,6,0.02,706,NA,NA,NA,NA
"P<f4>rto Alegre (129)",NA,NA,NA,17,0.04,407,521880,0,239,NA
"Padang (963)",NA,NA,NA,18,0.05,393,NA,NA,NA,NA
"Padova (1044)",NA,NA,NA,26,0.07,305,1736073,0,208,NA
"Palakkad (893)",NA,NA,NA,3,0.01,887,NA,NA,NA,NA
"Palembang (964)",NA,NA,NA,36,0.09,221,NA,NA,NA,NA
"Palermo (1045)",NA,NA,NA,17,0.04,404,577435,0,237,NA
"Palm Bay-Melbourne (1764)",NA,NA,NA,14,0.04,446,577500,0,236,NA
"Palma (1521)",NA,NA,NA,5,0.01,738,NA,NA,NA,NA
"Panzhihua (416)",NA,NA,NA,2,0.01,960,NA,NA,NA,NA
"Paris (715)",7,0.13,42,484,1.24,9,1732422938,0.47,12,13
"Parma (1046)",NA,NA,NA,11,0.03,503,NA,NA,NA,NA
"Pasto (633)",NA,NA,NA,2,0.01,1013,NA,NA,NA,NA
"Patiala (896)",NA,NA,NA,24,0.06,324,NA,NA,NA,NA
"Patna (897)",NA,NA,NA,23,0.06,341,NA,NA,NA,NA
"Pekalongan (965)",NA,NA,NA,1,0,1240,NA,NA,NA,NA
"Pekan Baru (966)",NA,NA,NA,12,0.03,496,NA,NA,NA,NA
"Pelotas (125)",NA,NA,NA,2,0.01,977,NA,NA,NA,NA
"Pensacola (1765)",NA,NA,NA,1,0,1111,NA,NA,NA,NA
"Perth (48)",NA,NA,NA,63,0.16,132,NA,NA,NA,NA
"Pescara (1047)",NA,NA,NA,10,0.03,525,NA,NA,NA,NA
"Peshawar (1300)",NA,NA,NA,20,0.05,375,NA,NA,NA,NA
"Petrolina (126)",NA,NA,NA,2,0.01,1001,NA,NA,NA,NA
"Philadelphia (1766)",1,0.02,95,121,0.31,63,214534996,0.06,46,35
"Phnom Penh (153)",NA,NA,NA,7,0.02,642,NA,NA,NA,NA
"Phoenix-Mesa (1767)",NA,NA,NA,86,0.22,96,93343718,0.03,66,NA
"Phra Nakhon Si Ayutthaya (1570)",NA,NA,NA,1,0,1207,NA,NA,NA,NA
"Phuket (1571)",NA,NA,NA,1,0,1171,NA,NA,NA,NA
"Pietermaritzburg (The Msunduzi) (1503)",NA,NA,NA,2,0.01,1003,NA,NA,NA,NA
"Pingdingshan, Henan (417)",NA,NA,NA,4,0.01,818,NA,NA,NA,NA
"Pingxiang, Jiangxi (421)",NA,NA,NA,1,0,1083,NA,NA,NA,NA
"Piracicaba (127)",NA,NA,NA,1,0,1094,NA,NA,NA,NA
"Pittsburgh (1768)",NA,NA,NA,140,0.36,52,1505850200,0.41,16,NA
"Plovdiv (147)",NA,NA,NA,2,0.01,1057,NA,NA,NA,NA
"Pohang (1388)",5,0.09,49,15,0.04,426,NA,NA,NA,NA
"Pokhara (1220)",NA,NA,NA,1,0,1121,NA,NA,NA,NA
"Polokwane (1504)",NA,NA,NA,1,0,1232,NA,NA,NA,NA
"Ponta Grossa (128)",NA,NA,NA,1,0,1118,NA,NA,NA,NA
"Pontianak (967)",NA,NA,NA,2,0.01,1021,NA,NA,NA,NA
"Port Harcourt (1274)",NA,NA,NA,13,0.03,473,NA,NA,NA,NA
"Port Moresby (1311)",NA,NA,NA,1,0,1103,NA,NA,NA,NA
"Port of Spain (1584)",NA,NA,NA,4,0.01,816,4e+07,0.01,87,NA
"Port St. Lucie (1769)",NA,NA,NA,3,0.01,905,3500000,0,183,NA
"Port-au-Prince (758)",NA,NA,NA,1,0,1243,NA,NA,NA,NA
"Portland (1770)",1,0.02,104,29,0.07,276,675000,0,231,74
"Porto (1365)",NA,NA,NA,47,0.12,180,4161975,0,175,NA
"Poughkeepsie-Newburgh (1771)",12,0.22,31,18,0.05,394,13500000,0,129,70
"Pozna? (1360)",NA,NA,NA,20,0.05,376,NA,NA,NA,NA
"Praha (Prague) (650)",NA,NA,NA,69,0.18,122,12635836,0,132,NA
"Preston (1654)",NA,NA,NA,19,0.05,380,NA,NA,NA,NA
"Pretoria (1506)",NA,NA,NA,29,0.07,272,106052,0,261,NA
"Providence (1772)",NA,NA,NA,24,0.06,322,1e+08,0.03,64,NA
"Provo-Orem (1773)",NA,NA,NA,7,0.02,660,1.5e+07,0,124,NA
"Puducherry (898)",NA,NA,NA,11,0.03,514,NA,NA,NA,NA
"Puebla (1178)",NA,NA,NA,10,0.03,530,NA,NA,NA,NA
"Pune (Poona) (899)",NA,NA,NA,153,0.39,48,38194273,0.01,90,NA
"Putian (424)",NA,NA,NA,7,0.02,632,NA,NA,NA,NA
"Qacentina (11)",NA,NA,NA,6,0.02,679,NA,NA,NA,NA
"Qazvin (991)",NA,NA,NA,3,0.01,913,NA,NA,NA,NA
"Qingdao (428)",9,0.17,36,188,0.48,38,143603883,0.04,57,26
"Qinhuangdao (431)",NA,NA,NA,35,0.09,226,NA,NA,NA,NA
"Qinzhou (432)",NA,NA,NA,3,0.01,895,NA,NA,NA,NA
"Qiqihaer (433)",NA,NA,NA,5,0.01,734,NA,NA,NA,NA
"Qom (993)",NA,NA,NA,7,0.02,641,NA,NA,NA,NA
"Qu<e9>bec (170)",NA,NA,NA,21,0.05,364,NA,NA,NA,NA
"Quanzhou (435)",NA,NA,NA,16,0.04,419,NA,NA,NA,NA
"Quer<e9>taro (1180)",NA,NA,NA,4,0.01,821,NA,NA,NA,NA
"Quetta (1301)",NA,NA,NA,5,0.01,737,NA,NA,NA,NA
"Qufu (436)",NA,NA,NA,20,0.05,373,NA,NA,NA,NA
"Quito (678)",NA,NA,NA,8,0.02,615,NA,NA,NA,NA
"Qujing (437)",NA,NA,NA,2,0.01,1072,NA,NA,NA,NA
"Quzhou (438)",NA,NA,NA,9,0.02,561,NA,NA,NA,NA
"Rabat (1204)",NA,NA,NA,27,0.07,287,NA,NA,NA,NA
"Raipur (901)",NA,NA,NA,38,0.1,213,NA,NA,NA,NA
"Rajahmundry (902)",NA,NA,NA,7,0.02,627,NA,NA,NA,NA
"Rajkot (903)",NA,NA,NA,8,0.02,619,3e+05,0,248,NA
"Rajshahi (64)",NA,NA,NA,6,0.02,675,NA,NA,NA,NA
"Raleigh (1774)",NA,NA,NA,53,0.14,163,35600000,0.01,93,NA
"Ramadi (1018)",NA,NA,NA,4,0.01,826,NA,NA,NA,NA
"Ranchi (905)",NA,NA,NA,20,0.05,372,1400000,0,214,NA
"Rangpur (65)",NA,NA,NA,6,0.02,689,NA,NA,NA,NA
"Rasht (994)",NA,NA,NA,8,0.02,603,NA,NA,NA,NA
"Ratchaburi (1572)",NA,NA,NA,1,0,1085,NA,NA,NA,NA
"Raurkela (909)",NA,NA,NA,5,0.01,745,NA,NA,NA,NA
"Rawalpindi (1303)",NA,NA,NA,23,0.06,338,NA,NA,NA,NA
"Rayong (1573)",NA,NA,NA,1,0,1089,NA,NA,NA,NA
"Reading-Wokingham (1655)",NA,NA,NA,115,0.29,69,9e+06,0,145,NA
"Recife (131)",NA,NA,NA,8,0.02,598,NA,NA,NA,NA
"Reggio Emilia (1048)",NA,NA,NA,2,0.01,1068,NA,NA,NA,NA
"Rennes (716)",NA,NA,NA,38,0.1,208,NA,NA,NA,NA
"Reno (1775)",NA,NA,NA,9,0.02,554,233885560,0.06,45,NA
"Ribeir<e3>o  Preto (132)",NA,NA,NA,1,0,1166,NA,NA,NA,NA
"Richmond (1776)",NA,NA,NA,15,0.04,442,380000,0,245,NA
"Riga (1116)",NA,NA,NA,19,0.05,379,NA,NA,NA,NA
"Rio de Janeiro (134)",NA,NA,NA,49,0.13,171,14325876,0,128,NA
"Riverside-San Bernardino (1777)",NA,NA,NA,33,0.08,237,NA,NA,NA,NA
"Rochester (1778)",2,0.04,76,44,0.11,183,2.8e+07,0.01,107,59
"Rockford (1779)",NA,NA,NA,2,0.01,1022,NA,NA,NA,NA
"Rohtak (910)",NA,NA,NA,6,0.02,699,NA,NA,NA,NA
"Roma (Rome) (1049)",NA,NA,NA,176,0.45,39,4303217,0,172,NA
"Roorkee (911)",NA,NA,NA,22,0.06,356,NA,NA,NA,NA
"Rostov-na-Donu (Rostov-on-Don) (1439)",NA,NA,NA,4,0.01,857,NA,NA,NA,NA
"Rotterdam (1223)",NA,NA,NA,53,0.14,159,NA,NA,NA,NA
"Rouen (717)",NA,NA,NA,8,0.02,588,NA,NA,NA,NA
"Round Lake Beach-McHenry-Grayslake (1780)",NA,NA,NA,14,0.04,452,NA,NA,NA,NA
"Ruiru (1112)",NA,NA,NA,1,0,1215,NA,NA,NA,NA
"s-Gravenhage (The Hague) (1224)",NA,NA,NA,65,0.17,126,11750881,0,135,NA
"S<e3>o Jos<e9> dos Campos (137)",NA,NA,NA,6,0.02,687,NA,NA,NA,NA
"S<e3>o Paulo (138)",NA,NA,NA,61,0.16,140,161800408,0.04,52,NA
"S<e9>tif (12)",NA,NA,NA,5,0.01,754,NA,NA,NA,NA
"Sacramento (1781)",NA,NA,NA,26,0.07,302,14700000,0,127,NA
"Safaqis (1585)",NA,NA,NA,14,0.04,451,NA,NA,NA,NA
"Sagar (912)",NA,NA,NA,19,0.05,386,NA,NA,NA,NA
"Saharanpur (913)",NA,NA,NA,5,0.01,783,NA,NA,NA,NA
"Saint-<c9>tienne (718)",NA,NA,NA,11,0.03,505,NA,NA,NA,NA
"Sakarya (1609)",NA,NA,NA,15,0.04,434,NA,NA,NA,NA
"Salahah (Salalah) (1284)",NA,NA,NA,3,0.01,884,NA,NA,NA,NA
"Salem (914)",NA,NA,NA,7,0.02,657,NA,NA,NA,NA
"Salerno (1050)",NA,NA,NA,16,0.04,412,NA,NA,NA,NA
"Salt Lake City (1782)",1,0.02,105,31,0.08,260,211070000,0.06,47,65
"Saltillo (1182)",NA,NA,NA,1,0,1230,NA,NA,NA,NA
"Salvador (135)",NA,NA,NA,8,0.02,589,NA,NA,NA,NA
"Samara (1441)",NA,NA,NA,5,0.01,753,NA,NA,NA,NA
"Samarkand (1819)",NA,NA,NA,2,0.01,1048,NA,NA,NA,NA
"Samsun (1610)",NA,NA,NA,6,0.02,677,NA,NA,NA,NA
"San Antonio (1783)",NA,NA,NA,33,0.08,241,31999919,0.01,100,NA
"San Diego (1784)",322,6.02,4,82,0.21,100,2130257960,0.58,11,22
"San Francisco-Oakland (1785)",42,0.78,20,214,0.55,30,243231329670,66.5,1,10
"San Jos<e9> (642)",NA,NA,NA,5,0.01,775,NA,NA,NA,NA
"San Jose (1786)",280,5.23,5,310,0.79,22,42633849395,11.66,2,5
"San Jose del Monte (1350)",NA,NA,NA,2,0.01,1018,NA,NA,NA,NA
"San Juan (1367)",NA,NA,NA,17,0.04,405,45000,0,264,NA
"San Luis Potos<ed> (1183)",NA,NA,NA,3,0.01,910,NA,NA,NA,NA
"San Miguel de Tucum<e1>n (36)",NA,NA,NA,2,0.01,995,NA,NA,NA,NA
"San Salvador (693)",NA,NA,NA,4,0.01,803,NA,NA,NA,NA
"Sana'a' (1853)",NA,NA,NA,22,0.06,352,NA,NA,NA,NA
"Sanandaj (995)",NA,NA,NA,5,0.01,777,NA,NA,NA,NA
"Sankt Peterburg (Saint Petersburg) (1442)",NA,NA,NA,32,0.08,251,9e+05,0,227,NA
"Sanming (447)",NA,NA,NA,6,0.02,673,NA,NA,NA,NA
"Santa Clarita (1787)",NA,NA,NA,7,0.02,648,1.24e+08,0.03,61,NA
"Santa Cruz (86)",NA,NA,NA,1,0,1165,NA,NA,NA,NA
"Santa Marta (635)",NA,NA,NA,1,0,1115,NA,NA,NA,NA
"Santa Rosa (1788)",NA,NA,NA,2,0.01,1071,NA,NA,NA,NA
"Santiago (183)",NA,NA,NA,43,0.11,192,5e+05,0,241,NA
"Santiago (674)",NA,NA,NA,2,0.01,1075,NA,NA,NA,NA
"Santiago de Cuba (648)",NA,NA,NA,1,0,1122,NA,NA,NA,NA
"Santipur (916)",NA,NA,NA,9,0.02,586,NA,NA,NA,NA
"Santo Domingo (675)",NA,NA,NA,3,0.01,896,NA,NA,NA,NA
"Sanya (448)",NA,NA,NA,8,0.02,599,NA,NA,NA,NA
"Sapporo (1083)",NA,NA,NA,30,0.08,266,NA,NA,NA,NA
"Sarajevo (87)",NA,NA,NA,7,0.02,664,NA,NA,NA,NA
"Sarasota-Bradenton (1789)",NA,NA,NA,3,0.01,929,2.5e+08,0.07,40,NA
"Saratov (1444)",NA,NA,NA,3,0.01,893,NA,NA,NA,NA
"Sargodha (1305)",NA,NA,NA,6,0.02,707,NA,NA,NA,NA
"Sari (996)",NA,NA,NA,5,0.01,751,NA,NA,NA,NA
"Saskatoon (171)",NA,NA,NA,5,0.01,723,NA,NA,NA,NA
"Savannah (1790)",NA,NA,NA,8,0.02,618,NA,NA,NA,NA
"Scranton (1791)",NA,NA,NA,1,0,1127,80000,0,262,NA
"Seattle (1792)",57,1.07,16,161,0.41,43,771054236,0.21,22,15
"Sekondi Takoradi (751)",NA,NA,NA,1,0,1139,NA,NA,NA,NA
"Semarang (969)",NA,NA,NA,47,0.12,181,NA,NA,NA,NA
"Sendai (1084)",NA,NA,NA,44,0.11,184,NA,NA,NA,NA
"Seoul (1390)",930,17.38,2,481,1.23,11,1415071332,0.39,17,6
"Seregno (1051)",NA,NA,NA,2,0.01,983,NA,NA,NA,NA
"Seremban (1138)",NA,NA,NA,18,0.05,389,NA,NA,NA,NA
"Sevilla (1522)",NA,NA,NA,12,0.03,484,NA,NA,NA,NA
"Shanghai (449)",68,1.27,12,891,2.27,2,4170902225,1.14,9,3
"Shangqiu (450)",NA,NA,NA,3,0.01,871,NA,NA,NA,NA
"Shangrao (451)",NA,NA,NA,3,0.01,900,NA,NA,NA,NA
"Shantou (453)",NA,NA,NA,11,0.03,517,NA,NA,NA,NA
"Shaoguan (455)",NA,NA,NA,1,0,1136,NA,NA,NA,NA
"Shaoxing (456)",NA,NA,NA,16,0.04,418,NA,NA,NA,NA
"Shaoyang (457)",NA,NA,NA,5,0.01,782,NA,NA,NA,NA
"Sheffield (1656)",NA,NA,NA,38,0.1,211,2.6e+07,0.01,108,NA
"Sheikhupura (1306)",NA,NA,NA,1,0,1146,NA,NA,NA,NA
"Shenyang (460)",1,0.02,87,139,0.35,56,NA,NA,NA,NA
"Shenzhen (461)",1311,24.5,1,463,1.18,12,1516534375,0.41,15,4
"Shihezi (462)",NA,NA,NA,10,0.03,551,NA,NA,NA,NA
"Shijiazhuang (463)",4,0.07,50,58,0.15,148,NA,NA,NA,NA
"Shillong (919)",NA,NA,NA,14,0.04,455,NA,NA,NA,NA
"Shimkent (1104)",NA,NA,NA,1,0,1234,NA,NA,NA,NA
"Shimoga (920)",NA,NA,NA,1,0,1245,NA,NA,NA,NA
"Shiraz (998)",NA,NA,NA,8,0.02,600,NA,NA,NA,NA
"Shiyan (465)",NA,NA,NA,5,0.01,729,NA,NA,NA,NA
"Shizuoka-Hamamatsu (1085)",NA,NA,NA,1,0,1242,NA,NA,NA,NA
"Shreveport (1793)",NA,NA,NA,2,0.01,1062,NA,NA,NA,NA
"Siliguri (921)",NA,NA,NA,NA,NA,NA,5199,0,270,NA
"Simferopol (1628)",NA,NA,NA,1,0,1158,NA,NA,NA,NA
"Singapore (1490)",23,0.43,26,455,1.16,13,5617454859,1.54,7,9
"Siping (471)",NA,NA,NA,2,0.01,1077,NA,NA,NA,NA
"Sivas (1612)",NA,NA,NA,10,0.03,544,NA,NA,NA,NA
"Skopje (1554)",NA,NA,NA,21,0.05,361,NA,NA,NA,NA
"Sochi (1446)",NA,NA,NA,1,0,1157,NA,NA,NA,NA
"Sofia (148)",NA,NA,NA,53,0.14,161,NA,NA,NA,NA
"Sokoto (1277)",NA,NA,NA,1,0,1169,NA,NA,NA,NA
"Solapur (922)",NA,NA,NA,5,0.01,747,NA,NA,NA,NA
"Songkhla (1578)",NA,NA,NA,8,0.02,597,NA,NA,NA,NA
"Southampton/Portsmouth (South Hampshire) (1657)",NA,NA,NA,32,0.08,249,NA,NA,NA,NA
"Southend-On-Sea (1658)",NA,NA,NA,16,0.04,420,NA,NA,NA,NA
"Spokane (1794)",NA,NA,NA,2,0.01,991,1750000,0,206,NA
"Springfield, Massachusett, Connecticut (1795)",NA,NA,NA,37,0.09,218,2.8e+07,0.01,106,NA
"Springfield, Missouri (1796)",NA,NA,NA,10,0.03,535,NA,NA,NA,NA
"Srinagar (923)",NA,NA,NA,12,0.03,492,NA,NA,NA,NA
"St. Catharines-Niagara (172)",NA,NA,NA,3,0.01,872,NA,NA,NA,NA
"St. Louis (1797)",NA,NA,NA,44,0.11,189,3e+07,0.01,104,NA
"Stockholm (1538)",58,1.08,15,100,0.26,78,676501428,0.18,23,23
"Stockton (1798)",NA,NA,NA,NA,NA,NA,3e+05,0,250,NA
"Stoke-on-Trent (The Potteries) (1659)",NA,NA,NA,13,0.03,472,4300065,0,173,NA
"Strasbourg (719)",NA,NA,NA,11,0.03,500,3463351,0,186,NA
"Stuttgart (747)",1,0.02,89,60,0.15,143,1530780319,0.42,14,42
"Suihua (474)",NA,NA,NA,1,0,1241,NA,NA,NA,NA
"Sukkur (1308)",NA,NA,NA,4,0.01,846,NA,NA,NA,NA
"Sulaimaniya (1020)",NA,NA,NA,7,0.02,634,NA,NA,NA,NA
"Sunderland (1660)",NA,NA,NA,1,0,1092,NA,NA,NA,NA
"Sunshine Coast (49)",NA,NA,NA,1,0,1216,NA,NA,NA,NA
"Surabaya (971)",NA,NA,NA,77,0.2,108,NA,NA,NA,NA
"Surakarta (972)",NA,NA,NA,23,0.06,342,NA,NA,NA,NA
"Surat (924)",NA,NA,NA,15,0.04,441,8e+05,0,230,NA
"Suzhou, Jiangsu (479)",100,1.87,9,102,0.26,77,564266954,0.15,26,21
"Swansea (1661)",NA,NA,NA,12,0.03,487,NA,NA,NA,NA
"Sydney (50)",NA,NA,NA,238,0.61,29,143952743,0.04,56,NA
"Sylhet (67)",NA,NA,NA,13,0.03,471,NA,NA,NA,NA
"Syracuse (1799)",NA,NA,NA,7,0.02,630,70000,0,263,NA
"Szczecin (1361)",NA,NA,NA,3,0.01,931,120000,0,259,NA
"T<e9>touan (1207)",NA,NA,NA,10,0.03,552,NA,NA,NA,NA
"Ta'izz (1854)",NA,NA,NA,2,0.01,970,NA,NA,NA,NA
"Tabriz (999)",NA,NA,NA,21,0.05,362,NA,NA,NA,NA
"Tabuk (1481)",NA,NA,NA,17,0.04,408,NA,NA,NA,NA
"Taian, Shandong (480)",NA,NA,NA,6,0.02,702,NA,NA,NA,NA
"Taif (1482)",NA,NA,NA,11,0.03,518,NA,NA,NA,NA
"Tainan (615)",NA,NA,NA,38,0.1,215,NA,NA,NA,NA
"Taipei (614)",1,0.02,115,163,0.42,41,38123341,0.01,91,43
"Taiyuan (484)",NA,NA,NA,99,0.25,80,NA,NA,NA,NA
"Taizhong (616)",NA,NA,NA,52,0.13,165,NA,NA,NA,NA
"Taizhou, Jiangsu (485)",NA,NA,NA,5,0.01,746,NA,NA,NA,NA
"Taizhou, Zhejiang (486)",NA,NA,NA,10,0.03,534,NA,NA,NA,NA
"Takamatsu (1086)",NA,NA,NA,1,0,1079,NA,NA,NA,NA
"Tallinn (696)",NA,NA,NA,19,0.05,385,1906051,0,203,NA
"Tamale (752)",NA,NA,NA,4,0.01,800,NA,NA,NA,NA
"Tampa-St. Petersburg (1800)",NA,NA,NA,35,0.09,230,3292187,0,187,NA
"Tampere (703)",NA,NA,NA,9,0.02,581,NA,NA,NA,NA
"Tampico (1184)",NA,NA,NA,28,0.07,284,NA,NA,NA,NA
"Tangshan, Hebei (487)",NA,NA,NA,15,0.04,431,NA,NA,NA,NA
"Tanta (692)",NA,NA,NA,32,0.08,254,NA,NA,NA,NA
"Tarabulus (Tripoli) (1121)",NA,NA,NA,7,0.02,644,NA,NA,NA,NA
"Tashkent (1820)",NA,NA,NA,41,0.1,200,28000,0,265,NA
"Tasikmalaya (974)",NA,NA,NA,11,0.03,508,NA,NA,NA,NA
"Tbilisi (726)",NA,NA,NA,6,0.02,669,NA,NA,NA,NA
"Teeside (Middlesbrough) (1662)",NA,NA,NA,3,0.01,902,NA,NA,NA,NA
"Tehran (1000)",NA,NA,NA,123,0.31,61,NA,NA,NA,NA
"Tel Aviv-Yafo (Tel Aviv-Jaffa) (1025)",7,0.13,41,92,0.23,85,1153690070,0.32,19,27
"Temecula-Murrieta (1801)",2,0.04,77,4,0.01,864,NA,NA,NA,NA
"Temuco (184)",NA,NA,NA,5,0.01,744,NA,NA,NA,NA
"Tepic (1186)",NA,NA,NA,1,0,1088,NA,NA,NA,NA
"Teresina (141)",NA,NA,NA,3,0.01,869,NA,NA,NA,NA
"Tete (1214)",NA,NA,NA,1,0,1192,NA,NA,NA,NA
"Thanjavur (925)",NA,NA,NA,7,0.02,640,NA,NA,NA,NA
"The Woodlands (1802)",NA,NA,NA,1,0,1155,NA,NA,NA,NA
"Thessaloniki (754)",NA,NA,NA,37,0.09,217,NA,NA,NA,NA
"Thies (1487)",NA,NA,NA,1,0,1214,NA,NA,NA,NA
"Thiruvananthapuram (926)",NA,NA,NA,23,0.06,334,NA,NA,NA,NA
"Thoothukkudi (Tuticorin) (927)",NA,NA,NA,2,0.01,968,NA,NA,NA,NA
"Thrissur (928)",NA,NA,NA,4,0.01,798,NA,NA,NA,NA
"Thuqbah (1483)",1,0.02,91,49,0.13,177,110000,0,260,69
"Tianjin (489)",1,0.02,99,250,0.64,28,NA,NA,NA,NA
"Tianshui (491)",NA,NA,NA,2,0.01,1009,NA,NA,NA,NA
"Tila al-Ali (1096)",NA,NA,NA,10,0.03,540,NA,NA,NA,NA
"Timisoara (1400)",NA,NA,NA,11,0.03,501,NA,NA,NA,NA
"Tiran<eb> (Tirana) (5)",NA,NA,NA,8,0.02,591,NA,NA,NA,NA
"Tiruchirappalli (929)",NA,NA,NA,27,0.07,295,NA,NA,NA,NA
"Tirunelveli (930)",NA,NA,NA,4,0.01,855,NA,NA,NA,NA
"Tirupati (931)",NA,NA,NA,18,0.05,396,NA,NA,NA,NA
"Tiruppur (932)",NA,NA,NA,6,0.02,685,NA,NA,NA,NA
"Toamasina (1125)",NA,NA,NA,1,0,1209,NA,NA,NA,NA
"Tokyo (1088)",1,0.02,112,419,1.07,15,305097042,0.08,37,30
"Toledo (1803)",NA,NA,NA,8,0.02,612,NA,NA,NA,NA
"Toluca de Lerdo (1189)",NA,NA,NA,4,0.01,853,NA,NA,NA,NA
"Tomsk (1450)",NA,NA,NA,4,0.01,851,NA,NA,NA,NA
"Tongling (497)",NA,NA,NA,6,0.02,712,NA,NA,NA,NA
"Tongxiang (498)",NA,NA,NA,3,0.01,924,NA,NA,NA,NA
"Torino (Turin) (1053)",NA,NA,NA,49,0.13,175,6282073,0,158,NA
"Toronto (173)",4,0.07,60,213,0.54,31,1402168572,0.38,18,20
"Toulon (720)",NA,NA,NA,1,0,1223,NA,NA,NA,NA
"Toulouse (721)",NA,NA,NA,38,0.1,212,NA,NA,NA,NA
"Tours (722)",NA,NA,NA,6,0.02,668,NA,NA,NA,NA
"Toyama (1089)",NA,NA,NA,6,0.02,716,NA,NA,NA,NA
"Toyohashi (1090)",NA,NA,NA,4,0.01,849,NA,NA,NA,NA
"Trenton (1804)",NA,NA,NA,83,0.21,99,7522660,0,151,NA
"Trujillo (1323)",NA,NA,NA,3,0.01,943,NA,NA,NA,NA
"Tucson (1805)",2,0.04,71,32,0.08,247,NA,NA,NA,NA
"Tula (1451)",NA,NA,NA,1,0,1090,NA,NA,NA,NA
"Tulsa (1806)",NA,NA,NA,9,0.02,568,NA,NA,NA,NA
"Tunis (1586)",NA,NA,NA,52,0.13,166,NA,NA,NA,NA
"Tuxtla Gutierrez (1190)",NA,NA,NA,2,0.01,1011,NA,NA,NA,NA
"Tyumen (1453)",NA,NA,NA,3,0.01,956,NA,NA,NA,NA
"Uberl<e2>ndia (143)",NA,NA,NA,9,0.02,553,9301979,0,144,NA
"Udaipur (934)",NA,NA,NA,10,0.03,548,NA,NA,NA,NA
"Udon Thani (1582)",NA,NA,NA,1,0,1237,NA,NA,NA,NA
"Ufa (1454)",NA,NA,NA,1,0,1130,NA,NA,NA,NA
"Ujjain (935)",NA,NA,NA,7,0.02,651,NA,NA,NA,NA
"Ulaanbaatar (1196)",NA,NA,NA,12,0.03,481,NA,NA,NA,NA
"Ulan-Ude (1455)",NA,NA,NA,2,0.01,1023,NA,NA,NA,NA
"Ulsan (1394)",3,0.06,69,9,0.02,571,NA,NA,NA,NA
"Umuahia (1278)",NA,NA,NA,1,0,1106,NA,NA,NA,NA
"Urumqi (499)",NA,NA,NA,60,0.15,146,NA,NA,NA,NA
"Ust-Kamenogorsk (1106)",NA,NA,NA,1,0,1235,NA,NA,NA,NA
"Utrecht (1225)",NA,NA,NA,42,0.11,198,NA,NA,NA,NA
"Utsunomiya (1091)",NA,NA,NA,64,0.16,128,NA,NA,NA,NA
"Uyo (1279)",NA,NA,NA,4,0.01,799,NA,NA,NA,NA
"Vadodara (936)",NA,NA,NA,9,0.02,569,NA,NA,NA,NA
"Valencia (1523)",NA,NA,NA,28,0.07,280,3495066,0,184,NA
"Valencia (1836)",NA,NA,NA,2,0.01,1069,NA,NA,NA,NA
"Valenciennes (723)",NA,NA,NA,2,0.01,972,NA,NA,NA,NA
"Valladolid (1524)",NA,NA,NA,11,0.03,522,NA,NA,NA,NA
"Valpara<ed>so (185)",NA,NA,NA,7,0.02,653,NA,NA,NA,NA
"Van (1613)",NA,NA,NA,2,0.01,969,NA,NA,NA,NA
"Vancouver (174)",3,0.06,64,71,0.18,118,80250253,0.02,71,44
"Varanasi (Benares) (937)",NA,NA,NA,26,0.07,304,NA,NA,NA,NA
"Varna (149)",NA,NA,NA,4,0.01,822,NA,NA,NA,NA
"Vellore (938)",NA,NA,NA,84,0.21,98,NA,NA,NA,NA
"Venezia (1055)",NA,NA,NA,12,0.03,499,3724867,0,180,NA
"Veracruz (1192)",NA,NA,NA,4,0.01,793,NA,NA,NA,NA
"Verona (1056)",NA,NA,NA,10,0.03,528,NA,NA,NA,NA
"Vicenza (1057)",NA,NA,NA,NA,NA,NA,2946369,0,192,NA
"Victoria (175)",NA,NA,NA,10,0.03,524,NA,NA,NA,NA
"Victorville-Hesperia-Apple Valley (1807)",NA,NA,NA,2,0.01,961,NA,NA,NA,NA
"Vigo (1525)",NA,NA,NA,15,0.04,429,NA,NA,NA,NA
"Vijayawada (939)",NA,NA,NA,82,0.21,101,NA,NA,NA,NA
"Villahermosa (1193)",NA,NA,NA,2,0.01,1031,NA,NA,NA,NA
"Villavicencio (637)",NA,NA,NA,1,0,1175,NA,NA,NA,NA
"Vilnius (1122)",NA,NA,NA,13,0.03,469,7673716,0,149,NA
"Vinnitsa (1629)",NA,NA,NA,3,0.01,933,NA,NA,NA,NA
"Virginia Beach (1808)",NA,NA,NA,24,0.06,321,NA,NA,NA,NA
"Visakhapatnam (940)",NA,NA,NA,32,0.08,256,NA,NA,NA,NA
"Vit<f3>ria da Conquista (145)",NA,NA,NA,1,0,1222,NA,NA,NA,NA
"Vladivostok (1459)",NA,NA,NA,1,0,1100,NA,NA,NA,NA
"Volgograd (1460)",NA,NA,NA,2,0.01,1044,NA,NA,NA,NA
"Voronezh (1463)",NA,NA,NA,2,0.01,981,NA,NA,NA,NA
"Wah (1309)",NA,NA,NA,4,0.01,791,NA,NA,NA,NA
"Wahran (Oran) (13)",NA,NA,NA,4,0.01,835,NA,NA,NA,NA
"Warangal (941)",NA,NA,NA,16,0.04,422,NA,NA,NA,NA
"Warri (1280)",NA,NA,NA,5,0.01,756,NA,NA,NA,NA
"Warszawa (Warsaw) (1362)",1,0.02,103,102,0.26,75,28820000,0.01,105,53
"Washington, D.C. (1810)",26,0.49,22,380,0.97,19,242106980,0.07,43,16
"Weifang (502)",4,0.07,51,9,0.02,572,NA,NA,NA,NA
"Weihai (503)",NA,NA,NA,5,0.01,776,NA,NA,NA,NA
"Weinan (504)",NA,NA,NA,1,0,1176,NA,NA,NA,NA
"Wellington (1228)",NA,NA,NA,28,0.07,282,NA,NA,NA,NA
"Wenzhou (507)",NA,NA,NA,38,0.1,214,NA,NA,NA,NA
"West Yorkshire (1663)",NA,NA,NA,40,0.1,203,30881727,0.01,103,NA
"Wichita (1811)",NA,NA,NA,1,0,1142,NA,NA,NA,NA
"Wien (Vienna) (52)",NA,NA,NA,87,0.22,92,75702257,0.02,72,NA
"Windsor (176)",NA,NA,NA,7,0.02,639,NA,NA,NA,NA
"Winnipeg (177)",NA,NA,NA,9,0.02,574,1.3e+07,0,130,NA
"Winston-Salem (1812)",NA,NA,NA,12,0.03,482,NA,NA,NA,NA
"Wollongong (51)",NA,NA,NA,29,0.07,277,NA,NA,NA,NA
"Worcester (1813)",NA,NA,NA,27,0.07,294,3717368,0,181,NA
"Wroc?aw (1363)",NA,NA,NA,22,0.06,347,2901669,0,194,NA
"Wuhan (510)",15,0.28,28,499,1.27,8,2e+08,0.05,50,18
"Wuhu, Anhui (511)",2,0.04,70,35,0.09,227,NA,NA,NA,NA
"Wuppertal (748)",NA,NA,NA,4,0.01,787,NA,NA,NA,NA
"Wuxi, Jiangsu (514)",NA,NA,NA,64,0.16,129,72247027,0.02,75,NA
"Wuzhou (515)",NA,NA,NA,4,0.01,812,NA,NA,NA,NA
"Xalapa (1194)",NA,NA,NA,3,0.01,930,NA,NA,NA,NA
"Xiamen (516)",1,0.02,93,113,0.29,71,31341386,0.01,101,49
"Xian (517)",7,0.13,44,576,1.47,6,NA,NA,NA,NA
"Xiangtan, Hunan (518)",NA,NA,NA,43,0.11,196,NA,NA,NA,NA
"Xiangyang (519)",NA,NA,NA,3,0.01,922,NA,NA,NA,NA
"Xianning (520)",NA,NA,NA,2,0.01,1054,NA,NA,NA,NA
"Xianyang, Shaanxi (522)",NA,NA,NA,8,0.02,614,NA,NA,NA,NA
"Xiaogan (523)",NA,NA,NA,8,0.02,616,NA,NA,NA,NA
"Xinghua (524)",NA,NA,NA,1,0,1101,NA,NA,NA,NA
"Xingtai (527)",NA,NA,NA,2,0.01,1019,NA,NA,NA,NA
"Xining (530)",NA,NA,NA,25,0.06,310,NA,NA,NA,NA
"Xinxiang (533)",NA,NA,NA,9,0.02,564,NA,NA,NA,NA
"Xinyang (534)",NA,NA,NA,4,0.01,797,NA,NA,NA,NA
"Xinyu (537)",NA,NA,NA,2,0.01,965,NA,NA,NA,NA
"Xinzhou (539)",NA,NA,NA,2,0.01,1027,NA,NA,NA,NA
"Xinzhu (619)",18,0.34,27,49,0.13,174,NA,NA,NA,NA
"Xuchang (543)",NA,NA,NA,9,0.02,560,NA,NA,NA,NA
"Xuzhou (544)",1,0.02,92,72,0.18,115,1436101,0,212,67
"Yaan (545)",NA,NA,NA,8,0.02,607,NA,NA,NA,NA
"Yakutsk (1464)",NA,NA,NA,1,0,1110,NA,NA,NA,NA
"Yanbu' al-Bahr (1484)",NA,NA,NA,2,0.01,971,NA,NA,NA,NA
"Yancheng, Jiangsu (547)",NA,NA,NA,10,0.03,549,NA,NA,NA,NA
"Yangon (1217)",NA,NA,NA,5,0.01,731,NA,NA,NA,NA
"Yangzhou (551)",NA,NA,NA,23,0.06,332,NA,NA,NA,NA
"Yanji (552)",NA,NA,NA,8,0.02,594,NA,NA,NA,NA
"Yantai (554)",1,0.02,94,33,0.08,238,NA,NA,NA,NA
"Yaound<e9> (160)",NA,NA,NA,12,0.03,488,NA,NA,NA,NA
"Yaroslavl (1465)",NA,NA,NA,1,0,1213,NA,NA,NA,NA
"Yazd (1001)",NA,NA,NA,3,0.01,877,NA,NA,NA,NA
"Yekaterinburg (1466)",NA,NA,NA,4,0.01,850,NA,NA,NA,NA
"Yerevan (40)",NA,NA,NA,12,0.03,479,NA,NA,NA,NA
"Yibin (555)",NA,NA,NA,11,0.03,506,NA,NA,NA,NA
"Yichang (556)",NA,NA,NA,11,0.03,511,NA,NA,NA,NA
"Yichun, Jiangxi (558)",NA,NA,NA,1,0,1227,NA,NA,NA,NA
"Yinchuan (559)",NA,NA,NA,32,0.08,242,NA,NA,NA,NA
"Yingkou (561)",NA,NA,NA,6,0.02,688,NA,NA,NA,NA
"Yining (562)",NA,NA,NA,7,0.02,647,NA,NA,NA,NA
"Yiwu (563)",NA,NA,NA,2,0.01,997,NA,NA,NA,NA
"Yogyakarta (975)",NA,NA,NA,60,0.15,145,NA,NA,NA,NA
"Youngstown (1814)",NA,NA,NA,1,0,1148,NA,NA,NA,NA
"Yueyang (571)",NA,NA,NA,2,0.01,966,NA,NA,NA,NA
"Yulin, Guangxi (573)",NA,NA,NA,1,0,1087,NA,NA,NA,NA
"Yulin, Shaanxi (574)",NA,NA,NA,1,0,1162,NA,NA,NA,NA
"Yuxi (578)",NA,NA,NA,1,0,1244,NA,NA,NA,NA
"Z<fc>rich (Zurich) (1543)",15,0.28,29,140,0.36,51,50040527,0.01,80,29
"Zacatecas (1195)",NA,NA,NA,1,0,1135,NA,NA,NA,NA
"Zagreb (645)",NA,NA,NA,24,0.06,320,NA,NA,NA,NA
"Zahedan (1002)",NA,NA,NA,1,0,1167,NA,NA,NA,NA
"Zanjan (1003)",NA,NA,NA,7,0.02,655,NA,NA,NA,NA
"Zaozhuang (581)",NA,NA,NA,3,0.01,875,NA,NA,NA,NA
"Zaporizhzhya (1630)",NA,NA,NA,1,0,1236,NA,NA,NA,NA
"Zaragoza (1526)",NA,NA,NA,5,0.01,724,NA,NA,NA,NA
"Zaria (1281)",NA,NA,NA,4,0.01,795,NA,NA,NA,NA
"Zarqa (1097)",NA,NA,NA,20,0.05,371,NA,NA,NA,NA
"Zhangjiagang (582)",NA,NA,NA,1,0,1188,NA,NA,NA,NA
"Zhangjiakou (583)",NA,NA,NA,3,0.01,940,NA,NA,NA,NA
"Zhangye (585)",NA,NA,NA,2,0.01,975,NA,NA,NA,NA
"Zhangzhou (586)",NA,NA,NA,12,0.03,494,NA,NA,NA,NA
"Zhanjiang (587)",NA,NA,NA,14,0.04,444,NA,NA,NA,NA
"Zhaoqing (589)",NA,NA,NA,6,0.02,682,NA,NA,NA,NA
"Zhaotong (590)",NA,NA,NA,4,0.01,788,NA,NA,NA,NA
"Zhengzhou (592)",4,0.07,55,193,0.49,34,NA,NA,NA,NA
"Zhenjiang, Jiangsu (593)",NA,NA,NA,49,0.13,176,NA,NA,NA,NA
"Zhoukou (596)",NA,NA,NA,7,0.02,663,NA,NA,NA,NA
"Zhoushan (597)",NA,NA,NA,8,0.02,609,NA,NA,NA,NA
"Zhuhai (600)",1,0.02,101,33,0.08,240,NA,NA,NA,NA
"Zhuji (601)",NA,NA,NA,2,0.01,1063,NA,NA,NA,NA
"Zhumadian (602)",NA,NA,NA,1,0,1134,NA,NA,NA,NA
"Zhuzhou (604)",NA,NA,NA,17,0.04,401,NA,NA,NA,NA
"Zibo (605)",NA,NA,NA,16,0.04,417,NA,NA,NA,NA
"Zigong (606)",NA,NA,NA,11,0.03,516,NA,NA,NA,NA
"Zunyi (609)",NA,NA,NA,1,0,1091,NA,NA,NA,NA
